store_location,product_detail,month,units,share_in_month
Astoria,Almond Croissant,2023-01,69,0.008332327013645694
Astoria,Almond Croissant,2023-02,65,0.00842187095102358
Astoria,Almond Croissant,2023-03,89,0.0089008900890089
Astoria,Almond Croissant,2023-04,105,0.008731082654249126
Astoria,Almond Croissant,2023-05,150,0.009308675685739108
Astoria,Almond Croissant,2023-06,145,0.008603809410787398
Astoria,Brazilian - Organic,2023-01,3,0.00036227508754981284
Astoria,Brazilian - Organic,2023-02,5,0.000647836227001814
Astoria,Brazilian - Organic,2023-03,11,0.0011001100110011
Astoria,Brazilian - Organic,2023-04,8,0.0006652253450856477
Astoria,Brazilian - Organic,2023-05,8,0.0004964627032394191
Astoria,Brazilian - Organic,2023-06,12,0.0007120393995134397
Astoria,Brazilian Lg,2023-01,176,0.021253471802922353
Astoria,Brazilian Lg,2023-02,166,0.021508162736460223
Astoria,Brazilian Lg,2023-03,167,0.0167016701670167
Astoria,Brazilian Lg,2023-04,241,0.020039913520705138
Astoria,Brazilian Lg,2023-05,317,0.019672334615861983
Astoria,Brazilian Lg,2023-06,349,0.020708479202515874
Astoria,Brazilian Rg,2023-01,179,0.021615746890472166
Astoria,Brazilian Rg,2023-02,174,0.022544700699663123
Astoria,Brazilian Rg,2023-03,239,0.023902390239023904
Astoria,Brazilian Rg,2023-04,270,0.022451355396640612
Astoria,Brazilian Rg,2023-05,308,0.019113814074717638
Astoria,Brazilian Rg,2023-06,362,0.021479855218655433
Astoria,Brazilian Sm,2023-01,175,0.021132713440405747
Astoria,Brazilian Sm,2023-02,153,0.019823788546255508
Astoria,Brazilian Sm,2023-03,187,0.0187018701870187
Astoria,Brazilian Sm,2023-04,239,0.019873607184433727
Astoria,Brazilian Sm,2023-05,309,0.019175871912622565
Astoria,Brazilian Sm,2023-06,333,0.019759093336497953
Astoria,Cappuccino,2023-01,140,0.0169061707523246
Astoria,Cappuccino,2023-02,161,0.020860326509458408
Astoria,Cappuccino,2023-03,189,0.018901890189018902
Astoria,Cappuccino,2023-04,259,0.021536670547147845
Astoria,Cappuccino,2023-05,329,0.02041702867072111
Astoria,Cappuccino,2023-06,331,0.019640420103245713
Astoria,Cappuccino Lg,2023-01,172,0.020770438352855934
Astoria,Cappuccino Lg,2023-02,153,0.019823788546255508
Astoria,Cappuccino Lg,2023-03,236,0.023602360236023603
Astoria,Cappuccino Lg,2023-04,264,0.021952436387826377
Astoria,Cappuccino Lg,2023-05,290,0.017996772992428942
Astoria,Cappuccino Lg,2023-06,327,0.019403073636741233
Astoria,Carmel syrup,2023-01,68,0.00821156865112909
Astoria,Carmel syrup,2023-02,59,0.007644467478621405
Astoria,Carmel syrup,2023-03,74,0.007400740074007401
Astoria,Carmel syrup,2023-04,93,0.007733244636620655
Astoria,Carmel syrup,2023-05,114,0.007074593521161723
Astoria,Carmel syrup,2023-06,127,0.007535750311517237
Astoria,Chili Mayan,2023-01,7,0.0008453085376162299
Astoria,Chili Mayan,2023-02,3,0.00038870173620108835
Astoria,Chili Mayan,2023-03,6,0.0006000600060006001
Astoria,Chili Mayan,2023-04,12,0.0009978380176284716
Astoria,Chili Mayan,2023-05,12,0.0007446940548591287
Astoria,Chili Mayan,2023-06,7,0.0004153563163828399
Astoria,Chocolate Chip Biscotti,2023-01,82,0.00990218572636155
Astoria,Chocolate Chip Biscotti,2023-02,67,0.008681005441824307
Astoria,Chocolate Chip Biscotti,2023-03,101,0.010101010101010102
Astoria,Chocolate Chip Biscotti,2023-04,105,0.008731082654249126
Astoria,Chocolate Chip Biscotti,2023-05,143,0.008874270820404618
Astoria,Chocolate Chip Biscotti,2023-06,154,0.009137838960422476
Astoria,Chocolate Croissant,2023-01,120,0.014491003501992512
Astoria,Chocolate Croissant,2023-02,114,0.014770665975641358
Astoria,Chocolate Croissant,2023-03,157,0.0157015701570157
Astoria,Chocolate Croissant,2023-04,159,0.01322135373357725
Astoria,Chocolate Croissant,2023-05,234,0.01452153406975301
Astoria,Chocolate Croissant,2023-06,239,0.014181451373642675
Astoria,Chocolate syrup,2023-01,84,0.01014370245139476
Astoria,Chocolate syrup,2023-02,86,0.0111427831044312
Astoria,Chocolate syrup,2023-03,98,0.0098009800980098
Astoria,Chocolate syrup,2023-04,101,0.008398469981706303
Astoria,Chocolate syrup,2023-05,156,0.009681022713168673
Astoria,Chocolate syrup,2023-06,145,0.008603809410787398
Astoria,Civet Cat,2023-01,7,0.0008453085376162299
Astoria,Civet Cat,2023-02,4,0.0005182689816014512
Astoria,Civet Cat,2023-03,6,0.0006000600060006001
Astoria,Civet Cat,2023-04,8,0.0006652253450856477
Astoria,Civet Cat,2023-05,10,0.000620578379049274
Astoria,Civet Cat,2023-06,10,0.0005933661662611998
Astoria,Columbian Medium Roast,2023-01,3,0.00036227508754981284
Astoria,Columbian Medium Roast,2023-02,6,0.0007774034724021767
Astoria,Columbian Medium Roast,2023-03,9,0.0009000900090009
Astoria,Columbian Medium Roast,2023-04,10,0.0008315316813570597
Astoria,Columbian Medium Roast,2023-05,18,0.001117041082288693
Astoria,Columbian Medium Roast,2023-06,11,0.0006527027828873198
Astoria,Columbian Medium Roast Lg,2023-01,183,0.022098780340538582
Astoria,Columbian Medium Roast Lg,2023-02,145,0.018787250583052605
Astoria,Columbian Medium Roast Lg,2023-03,196,0.0196019601960196
Astoria,Columbian Medium Roast Lg,2023-04,232,0.019291535007483786
Astoria,Columbian Medium Roast Lg,2023-05,335,0.020789375698150675
Astoria,Columbian Medium Roast Lg,2023-06,346,0.020530469352637512
Astoria,Columbian Medium Roast Rg,2023-01,182,0.02197802197802198
Astoria,Columbian Medium Roast Rg,2023-02,180,0.023322104172065303
Astoria,Columbian Medium Roast Rg,2023-03,237,0.023702370237023703
Astoria,Columbian Medium Roast Rg,2023-04,289,0.024031265591219025
Astoria,Columbian Medium Roast Rg,2023-05,361,0.02240287948367879
Astoria,Columbian Medium Roast Rg,2023-06,364,0.021598528451907673
Astoria,Columbian Medium Roast Sm,2023-01,183,0.022098780340538582
Astoria,Columbian Medium Roast Sm,2023-02,161,0.020860326509458408
Astoria,Columbian Medium Roast Sm,2023-03,211,0.021102110211021104
Astoria,Columbian Medium Roast Sm,2023-04,251,0.0208714452020622
Astoria,Columbian Medium Roast Sm,2023-05,354,0.021968474618344298
Astoria,Columbian Medium Roast Sm,2023-06,383,0.022725924167803953
Astoria,Cranberry Scone,2023-01,80,0.009660669001328342
Astoria,Cranberry Scone,2023-02,82,0.010624514122829748
Astoria,Cranberry Scone,2023-03,100,0.010001000100010001
Astoria,Cranberry Scone,2023-04,115,0.009562614335606186
Astoria,Cranberry Scone,2023-05,152,0.009432791361548964
Astoria,Cranberry Scone,2023-06,156,0.009256512193674717
Astoria,Croissant,2023-01,64,0.007728535201062673
Astoria,Croissant,2023-02,75,0.009717543405027208
Astoria,Croissant,2023-03,90,0.009000900090009001
Astoria,Croissant,2023-04,107,0.008897388990520538
Astoria,Croissant,2023-05,126,0.007819287576020852
Astoria,Croissant,2023-06,144,0.008544472794161278
Astoria,Dark chocolate,2023-02,2,0.0002591344908007256
Astoria,Dark chocolate,2023-03,1,0.00010001000100010001
Astoria,Dark chocolate,2023-04,3,0.0002494595044071179
Astoria,Dark chocolate,2023-05,4,0.00024823135161970955
Astoria,Dark chocolate,2023-06,3,0.00017800984987835993
Astoria,Dark chocolate Lg,2023-01,195,0.023547880690737835
Astoria,Dark chocolate Lg,2023-02,201,0.02604301632547292
Astoria,Dark chocolate Lg,2023-03,215,0.0215021502150215
Astoria,Dark chocolate Lg,2023-04,322,0.02677532013969732
Astoria,Dark chocolate Lg,2023-05,401,0.024885192999875884
Astoria,Dark chocolate Lg,2023-06,421,0.024980715599596512
Astoria,Dark chocolate Rg,2023-01,191,0.023064847240671416
Astoria,Dark chocolate Rg,2023-02,188,0.024358642135268203
Astoria,Dark chocolate Rg,2023-03,220,0.022002200220022004
Astoria,Dark chocolate Rg,2023-04,243,0.02020621985697655
Astoria,Dark chocolate Rg,2023-05,327,0.020292912994911257
Astoria,Dark chocolate Rg,2023-06,344,0.020411796119385272
Astoria,Earl Grey,2023-01,4,0.0004830334500664171
Astoria,Earl Grey,2023-02,4,0.0005182689816014512
Astoria,Earl Grey,2023-03,2,0.00020002000200020003
Astoria,Earl Grey,2023-04,8,0.0006652253450856477
Astoria,Earl Grey,2023-05,5,0.000310289189524637
Astoria,Earl Grey,2023-06,7,0.0004153563163828399
Astoria,Earl Grey Lg,2023-01,172,0.020770438352855934
Astoria,Earl Grey Lg,2023-02,157,0.020342057527856956
Astoria,Earl Grey Lg,2023-03,193,0.0193019301930193
Astoria,Earl Grey Lg,2023-04,240,0.019956760352569432
Astoria,Earl Grey Lg,2023-05,323,0.020044681643291547
Astoria,Earl Grey Lg,2023-06,354,0.021005162285646473
Astoria,Earl Grey Rg,2023-01,191,0.023064847240671416
Astoria,Earl Grey Rg,2023-02,174,0.022544700699663123
Astoria,Earl Grey Rg,2023-03,264,0.026402640264026403
Astoria,Earl Grey Rg,2023-04,301,0.025029103608847497
Astoria,Earl Grey Rg,2023-05,394,0.024450788134541393
Astoria,Earl Grey Rg,2023-06,401,0.02379398326707411
Astoria,English Breakfast,2023-01,5,0.0006037918125830214
Astoria,English Breakfast,2023-02,5,0.000647836227001814
Astoria,English Breakfast,2023-03,7,0.0007000700070007
Astoria,English Breakfast,2023-04,9,0.0007483785132213537
Astoria,English Breakfast,2023-05,14,0.0008688097306689834
Astoria,English Breakfast,2023-06,15,0.0008900492493917997
Astoria,English Breakfast Lg,2023-01,169,0.02040816326530612
Astoria,English Breakfast Lg,2023-02,145,0.018787250583052605
Astoria,English Breakfast Lg,2023-03,198,0.019801980198019802
Astoria,English Breakfast Lg,2023-04,239,0.019873607184433727
Astoria,English Breakfast Lg,2023-05,308,0.019113814074717638
Astoria,English Breakfast Lg,2023-06,329,0.019521746869993473
Astoria,English Breakfast Rg,2023-01,148,0.01787223765245743
Astoria,English Breakfast Rg,2023-02,147,0.01904638507385333
Astoria,English Breakfast Rg,2023-03,203,0.0203020302030203
Astoria,English Breakfast Rg,2023-04,221,0.01837685015799102
Astoria,English Breakfast Rg,2023-05,295,0.01830706218195358
Astoria,English Breakfast Rg,2023-06,325,0.019284400403488992
Astoria,Espresso Roast,2023-01,7,0.0008453085376162299
Astoria,Espresso Roast,2023-02,5,0.000647836227001814
Astoria,Espresso Roast,2023-03,8,0.0008000800080008001
Astoria,Espresso Roast,2023-04,7,0.0005820721769499418
Astoria,Espresso Roast,2023-05,12,0.0007446940548591287
Astoria,Espresso Roast,2023-06,12,0.0007120393995134397
Astoria,Espresso shot,2023-01,170,0.020528921627822726
Astoria,Espresso shot,2023-02,151,0.01956465405545478
Astoria,Espresso shot,2023-03,197,0.019701970197019702
Astoria,Espresso shot,2023-04,241,0.020039913520705138
Astoria,Espresso shot,2023-05,334,0.020727317860245748
Astoria,Espresso shot,2023-06,344,0.020411796119385272
Astoria,Ethiopia,2023-01,9,0.0010868252626494385
Astoria,Ethiopia,2023-02,10,0.001295672454003628
Astoria,Ethiopia,2023-03,11,0.0011001100110011
Astoria,Ethiopia,2023-04,10,0.0008315316813570597
Astoria,Ethiopia,2023-05,15,0.0009308675685739109
Astoria,Ethiopia,2023-06,20,0.0011867323325223996
Astoria,Ethiopia Lg,2023-01,128,0.015457070402125347
Astoria,Ethiopia Lg,2023-02,156,0.020212490282456596
Astoria,Ethiopia Lg,2023-03,188,0.018801880188018802
Astoria,Ethiopia Lg,2023-04,199,0.01654748045900549
Astoria,Ethiopia Lg,2023-05,319,0.01979645029167184
Astoria,Ethiopia Lg,2023-06,318,0.018869044087106154
Astoria,Ethiopia Rg,2023-01,171,0.020649679990339332
Astoria,Ethiopia Rg,2023-02,150,0.019435086810054417
Astoria,Ethiopia Rg,2023-03,196,0.0196019601960196
Astoria,Ethiopia Rg,2023-04,239,0.019873607184433727
Astoria,Ethiopia Rg,2023-05,303,0.018803524885193
Astoria,Ethiopia Rg,2023-06,359,0.02130184536877707
Astoria,Ethiopia Sm,2023-01,191,0.023064847240671416
Astoria,Ethiopia Sm,2023-02,170,0.022026431718061675
Astoria,Ethiopia Sm,2023-03,210,0.021002100210021003
Astoria,Ethiopia Sm,2023-04,280,0.023282887077997673
Astoria,Ethiopia Sm,2023-05,372,0.02308551570063299
Astoria,Ethiopia Sm,2023-06,396,0.023497300183943512
Astoria,Ginger Biscotti,2023-01,65,0.007849293563579277
Astoria,Ginger Biscotti,2023-02,72,0.00932884166882612
Astoria,Ginger Biscotti,2023-03,97,0.0097009700970097
Astoria,Ginger Biscotti,2023-04,101,0.008398469981706303
Astoria,Ginger Biscotti,2023-05,159,0.009867196226883455
Astoria,Ginger Biscotti,2023-06,145,0.008603809410787398
Astoria,Ginger Scone,2023-01,76,0.009177635551261925
Astoria,Ginger Scone,2023-02,64,0.008292303705623219
Astoria,Ginger Scone,2023-03,90,0.009000900090009001
Astoria,Ginger Scone,2023-04,114,0.00947946116747048
Astoria,Ginger Scone,2023-05,143,0.008874270820404618
Astoria,Ginger Scone,2023-06,161,0.009553195276805317
Astoria,Guatemalan Sustainably Grown,2023-01,5,0.0006037918125830214
Astoria,Guatemalan Sustainably Grown,2023-02,7,0.0009069707178025395
Astoria,Guatemalan Sustainably Grown,2023-03,5,0.0005000500050005
Astoria,Guatemalan Sustainably Grown,2023-04,5,0.00041576584067852984
Astoria,Guatemalan Sustainably Grown,2023-05,10,0.000620578379049274
Astoria,Guatemalan Sustainably Grown,2023-06,8,0.00047469293300895983
Astoria,Hazelnut Biscotti,2023-01,81,0.009781427363844946
Astoria,Hazelnut Biscotti,2023-02,79,0.01023581238662866
Astoria,Hazelnut Biscotti,2023-03,101,0.010101010101010102
Astoria,Hazelnut Biscotti,2023-04,103,0.008564776317977715
Astoria,Hazelnut Biscotti,2023-05,144,0.008936328658309544
Astoria,Hazelnut Biscotti,2023-06,156,0.009256512193674717
Astoria,Hazelnut syrup,2023-01,52,0.006279434850863423
Astoria,Hazelnut syrup,2023-02,55,0.007126198497019953
Astoria,Hazelnut syrup,2023-03,57,0.005700570057005701
Astoria,Hazelnut syrup,2023-04,69,0.005737568601363712
Astoria,Hazelnut syrup,2023-05,106,0.006578130817922303
Astoria,Hazelnut syrup,2023-06,95,0.005636978579481398
Astoria,I Need My Bean! Diner mug,2023-01,10,0.0012075836251660428
Astoria,I Need My Bean! Diner mug,2023-02,5,0.000647836227001814
Astoria,I Need My Bean! Diner mug,2023-03,12,0.0012001200120012002
Astoria,I Need My Bean! Diner mug,2023-04,13,0.0010809911857641776
Astoria,I Need My Bean! Diner mug,2023-05,9,0.0005585205411443465
Astoria,I Need My Bean! Diner mug,2023-06,17,0.0010087224826440396
Astoria,I Need My Bean! Latte cup,2023-01,14,0.0016906170752324597
Astoria,I Need My Bean! Latte cup,2023-02,11,0.0014252396994039907
Astoria,I Need My Bean! Latte cup,2023-03,15,0.0015001500150015
Astoria,I Need My Bean! Latte cup,2023-04,23,0.0019125228671212373
Astoria,I Need My Bean! Latte cup,2023-05,17,0.0010549832443837656
Astoria,I Need My Bean! Latte cup,2023-06,22,0.0013054055657746395
Astoria,I Need My Bean! T-shirt,2023-01,18,0.002173650525298877
Astoria,I Need My Bean! T-shirt,2023-02,9,0.001166105208603265
Astoria,I Need My Bean! T-shirt,2023-03,14,0.0014001400140014
Astoria,I Need My Bean! T-shirt,2023-04,16,0.0013304506901712955
Astoria,I Need My Bean! T-shirt,2023-05,24,0.0014893881097182574
Astoria,I Need My Bean! T-shirt,2023-06,30,0.0017800984987835994
Astoria,Jamacian Coffee River,2023-01,6,0.0007245501750996257
Astoria,Jamacian Coffee River,2023-02,5,0.000647836227001814
Astoria,Jamacian Coffee River,2023-03,7,0.0007000700070007
Astoria,Jamacian Coffee River,2023-04,9,0.0007483785132213537
Astoria,Jamacian Coffee River,2023-05,12,0.0007446940548591287
Astoria,Jamacian Coffee River,2023-06,12,0.0007120393995134397
Astoria,Jamaican Coffee River Lg,2023-01,185,0.02234029706557179
Astoria,Jamaican Coffee River Lg,2023-02,164,0.021249028245659496
Astoria,Jamaican Coffee River Lg,2023-03,241,0.0241024102410241
Astoria,Jamaican Coffee River Lg,2023-04,250,0.020788292033926493
Astoria,Jamaican Coffee River Lg,2023-05,348,0.021596127590914733
Astoria,Jamaican Coffee River Lg,2023-06,363,0.02153919183528155
Astoria,Jamaican Coffee River Rg,2023-01,179,0.021615746890472166
Astoria,Jamaican Coffee River Rg,2023-02,162,0.020989893754858772
Astoria,Jamaican Coffee River Rg,2023-03,205,0.0205020502050205
Astoria,Jamaican Coffee River Rg,2023-04,305,0.02536171628139032
Astoria,Jamaican Coffee River Rg,2023-05,350,0.021720243266724587
Astoria,Jamaican Coffee River Rg,2023-06,376,0.02231056785142111
Astoria,Jamaican Coffee River Sm,2023-01,151,0.018234512740007244
Astoria,Jamaican Coffee River Sm,2023-02,156,0.020212490282456596
Astoria,Jamaican Coffee River Sm,2023-03,173,0.017301730173017303
Astoria,Jamaican Coffee River Sm,2023-04,215,0.017877931149176785
Astoria,Jamaican Coffee River Sm,2023-05,307,0.019051756236812708
Astoria,Jamaican Coffee River Sm,2023-06,321,0.019047053936984512
Astoria,Jumbo Savory Scone,2023-01,88,0.010626735901461177
Astoria,Jumbo Savory Scone,2023-02,78,0.010106245141228298
Astoria,Jumbo Savory Scone,2023-03,96,0.009600960096009602
Astoria,Jumbo Savory Scone,2023-04,122,0.010144686512556128
Astoria,Jumbo Savory Scone,2023-05,162,0.010053369740598237
Astoria,Jumbo Savory Scone,2023-06,154,0.009137838960422476
Astoria,Latte,2023-01,189,0.02282333051563821
Astoria,Latte,2023-02,175,0.022674267945063487
Astoria,Latte,2023-03,208,0.020802080208020803
Astoria,Latte,2023-04,272,0.022617661732912023
Astoria,Latte,2023-05,364,0.022589052997393572
Astoria,Latte,2023-06,353,0.02094582566902035
Astoria,Latte Rg,2023-01,173,0.02089119671537254
Astoria,Latte Rg,2023-02,166,0.021508162736460223
Astoria,Latte Rg,2023-03,225,0.022502250225022502
Astoria,Latte Rg,2023-04,245,0.02037252619324796
Astoria,Latte Rg,2023-05,320,0.019858508129576766
Astoria,Latte Rg,2023-06,367,0.02177653830178603
Astoria,Lemon Grass,2023-01,5,0.0006037918125830214
Astoria,Lemon Grass,2023-02,5,0.000647836227001814
Astoria,Lemon Grass,2023-03,4,0.00040004000400040005
Astoria,Lemon Grass,2023-04,7,0.0005820721769499418
Astoria,Lemon Grass,2023-05,9,0.0005585205411443465
Astoria,Lemon Grass,2023-06,12,0.0007120393995134397
Astoria,Lemon Grass Lg,2023-01,166,0.02004588817775631
Astoria,Lemon Grass Lg,2023-02,147,0.01904638507385333
Astoria,Lemon Grass Lg,2023-03,188,0.018801880188018802
Astoria,Lemon Grass Lg,2023-04,244,0.020289373025112255
Astoria,Lemon Grass Lg,2023-05,305,0.018927640561002854
Astoria,Lemon Grass Lg,2023-06,327,0.019403073636741233
Astoria,Lemon Grass Rg,2023-01,185,0.02234029706557179
Astoria,Lemon Grass Rg,2023-02,133,0.01723244363824825
Astoria,Lemon Grass Rg,2023-03,188,0.018801880188018802
Astoria,Lemon Grass Rg,2023-04,237,0.019707300848162315
Astoria,Lemon Grass Rg,2023-05,366,0.022713168673203426
Astoria,Lemon Grass Rg,2023-06,372,0.02207322138491663
Astoria,Morning Sunrise Chai,2023-01,6,0.0007245501750996257
Astoria,Morning Sunrise Chai,2023-02,5,0.000647836227001814
Astoria,Morning Sunrise Chai,2023-03,9,0.0009000900090009
Astoria,Morning Sunrise Chai,2023-04,8,0.0006652253450856477
Astoria,Morning Sunrise Chai,2023-05,12,0.0007446940548591287
Astoria,Morning Sunrise Chai,2023-06,12,0.0007120393995134397
Astoria,Morning Sunrise Chai Lg,2023-01,154,0.018596787827557058
Astoria,Morning Sunrise Chai Lg,2023-02,180,0.023322104172065303
Astoria,Morning Sunrise Chai Lg,2023-03,237,0.023702370237023703
Astoria,Morning Sunrise Chai Lg,2023-04,248,0.020621985697655082
Astoria,Morning Sunrise Chai Lg,2023-05,362,0.022464937321583715
Astoria,Morning Sunrise Chai Lg,2023-06,396,0.023497300183943512
Astoria,Morning Sunrise Chai Rg,2023-01,173,0.02089119671537254
Astoria,Morning Sunrise Chai Rg,2023-02,167,0.021637729981860587
Astoria,Morning Sunrise Chai Rg,2023-03,235,0.023502350235023502
Astoria,Morning Sunrise Chai Rg,2023-04,256,0.021287211042740728
Astoria,Morning Sunrise Chai Rg,2023-05,349,0.02165818542881966
Astoria,Morning Sunrise Chai Rg,2023-06,365,0.02165786506853379
Astoria,Oatmeal Scone,2023-01,71,0.008573843738678904
Astoria,Oatmeal Scone,2023-02,78,0.010106245141228298
Astoria,Oatmeal Scone,2023-03,90,0.009000900090009001
Astoria,Oatmeal Scone,2023-04,113,0.009396307999334774
Astoria,Oatmeal Scone,2023-05,145,0.008998386496214471
Astoria,Oatmeal Scone,2023-06,156,0.009256512193674717
Astoria,Organic Decaf Blend,2023-01,5,0.0006037918125830214
Astoria,Organic Decaf Blend,2023-02,2,0.0002591344908007256
Astoria,Organic Decaf Blend,2023-03,8,0.0008000800080008001
Astoria,Organic Decaf Blend,2023-04,7,0.0005820721769499418
Astoria,Organic Decaf Blend,2023-05,10,0.000620578379049274
Astoria,Organic Decaf Blend,2023-06,12,0.0007120393995134397
Astoria,Our Old Time Diner Blend,2023-01,5,0.0006037918125830214
Astoria,Our Old Time Diner Blend,2023-02,3,0.00038870173620108835
Astoria,Our Old Time Diner Blend,2023-03,6,0.0006000600060006001
Astoria,Our Old Time Diner Blend,2023-04,11,0.0009146848494927657
Astoria,Our Old Time Diner Blend,2023-05,11,0.0006826362169542013
Astoria,Our Old Time Diner Blend,2023-06,10,0.0005933661662611998
Astoria,Our Old Time Diner Blend Lg,2023-01,168,0.02028740490278952
Astoria,Our Old Time Diner Blend Lg,2023-02,148,0.019175952319253693
Astoria,Our Old Time Diner Blend Lg,2023-03,219,0.021902190219021903
Astoria,Our Old Time Diner Blend Lg,2023-04,251,0.0208714452020622
Astoria,Our Old Time Diner Blend Lg,2023-05,364,0.022589052997393572
Astoria,Our Old Time Diner Blend Lg,2023-06,373,0.022132558001542752
Astoria,Our Old Time Diner Blend Rg,2023-01,170,0.020528921627822726
Astoria,Our Old Time Diner Blend Rg,2023-02,150,0.019435086810054417
Astoria,Our Old Time Diner Blend Rg,2023-03,201,0.020102010201020103
Astoria,Our Old Time Diner Blend Rg,2023-04,238,0.01979045401629802
Astoria,Our Old Time Diner Blend Rg,2023-05,368,0.02283728434901328
Astoria,Our Old Time Diner Blend Rg,2023-06,352,0.020886489052394232
Astoria,Our Old Time Diner Blend Sm,2023-01,170,0.020528921627822726
Astoria,Our Old Time Diner Blend Sm,2023-02,161,0.020860326509458408
Astoria,Our Old Time Diner Blend Sm,2023-03,232,0.0232023202320232
Astoria,Our Old Time Diner Blend Sm,2023-04,258,0.02145351737901214
Astoria,Our Old Time Diner Blend Sm,2023-05,381,0.023644036241777338
Astoria,Our Old Time Diner Blend Sm,2023-06,373,0.022132558001542752
Astoria,Peppermint,2023-01,9,0.0010868252626494385
Astoria,Peppermint,2023-02,6,0.0007774034724021767
Astoria,Peppermint,2023-03,11,0.0011001100110011
Astoria,Peppermint,2023-04,8,0.0006652253450856477
Astoria,Peppermint,2023-05,10,0.000620578379049274
Astoria,Peppermint,2023-06,11,0.0006527027828873198
Astoria,Peppermint Lg,2023-01,152,0.01835527110252385
Astoria,Peppermint Lg,2023-02,152,0.019694221300855144
Astoria,Peppermint Lg,2023-03,204,0.0204020402040204
Astoria,Peppermint Lg,2023-04,215,0.017877931149176785
Astoria,Peppermint Lg,2023-05,341,0.02116172272558024
Astoria,Peppermint Lg,2023-06,358,0.021242508752150953
Astoria,Peppermint Rg,2023-01,181,0.021857263615505374
Astoria,Peppermint Rg,2023-02,186,0.02409950764446748
Astoria,Peppermint Rg,2023-03,235,0.023502350235023502
Astoria,Peppermint Rg,2023-04,281,0.02336604024613338
Astoria,Peppermint Rg,2023-05,392,0.02432667245873154
Astoria,Peppermint Rg,2023-06,398,0.023615973417195752
Astoria,Primo Espresso Roast,2023-01,9,0.0010868252626494385
Astoria,Primo Espresso Roast,2023-02,6,0.0007774034724021767
Astoria,Primo Espresso Roast,2023-03,7,0.0007000700070007
Astoria,Primo Espresso Roast,2023-04,7,0.0005820721769499418
Astoria,Primo Espresso Roast,2023-05,8,0.0004964627032394191
Astoria,Primo Espresso Roast,2023-06,9,0.0005340295496350798
Astoria,Scottish Cream Scone ,2023-01,76,0.009177635551261925
Astoria,Scottish Cream Scone ,2023-02,55,0.007126198497019953
Astoria,Scottish Cream Scone ,2023-03,79,0.0079007900790079
Astoria,Scottish Cream Scone ,2023-04,112,0.009313154831199068
Astoria,Scottish Cream Scone ,2023-05,142,0.008812212982499689
Astoria,Scottish Cream Scone ,2023-06,139,0.008247789711030677
Astoria,Serenity Green Tea,2023-01,6,0.0007245501750996257
Astoria,Serenity Green Tea,2023-02,3,0.00038870173620108835
Astoria,Serenity Green Tea,2023-03,10,0.001000100010001
Astoria,Serenity Green Tea,2023-04,6,0.0004989190088142358
Astoria,Serenity Green Tea,2023-05,10,0.000620578379049274
Astoria,Serenity Green Tea,2023-06,7,0.0004153563163828399
Astoria,Serenity Green Tea Lg,2023-01,171,0.020649679990339332
Astoria,Serenity Green Tea Lg,2023-02,171,0.022155998963462036
Astoria,Serenity Green Tea Lg,2023-03,198,0.019801980198019802
Astoria,Serenity Green Tea Lg,2023-04,259,0.021536670547147845
Astoria,Serenity Green Tea Lg,2023-05,341,0.02116172272558024
Astoria,Serenity Green Tea Lg,2023-06,348,0.020649142585889752
Astoria,Serenity Green Tea Rg,2023-01,169,0.02040816326530612
Astoria,Serenity Green Tea Rg,2023-02,165,0.02137859549105986
Astoria,Serenity Green Tea Rg,2023-03,208,0.020802080208020803
Astoria,Serenity Green Tea Rg,2023-04,241,0.020039913520705138
Astoria,Serenity Green Tea Rg,2023-05,298,0.018493235695668363
Astoria,Serenity Green Tea Rg,2023-06,329,0.019521746869993473
Astoria,Spicy Eye Opener Chai,2023-01,3,0.00036227508754981284
Astoria,Spicy Eye Opener Chai,2023-02,4,0.0005182689816014512
Astoria,Spicy Eye Opener Chai,2023-03,5,0.0005000500050005
Astoria,Spicy Eye Opener Chai,2023-04,8,0.0006652253450856477
Astoria,Spicy Eye Opener Chai,2023-05,9,0.0005585205411443465
Astoria,Spicy Eye Opener Chai,2023-06,8,0.00047469293300895983
Astoria,Spicy Eye Opener Chai Lg,2023-01,204,0.02463470595338727
Astoria,Spicy Eye Opener Chai Lg,2023-02,170,0.022026431718061675
Astoria,Spicy Eye Opener Chai Lg,2023-03,219,0.021902190219021903
Astoria,Spicy Eye Opener Chai Lg,2023-04,273,0.02270081490104773
Astoria,Spicy Eye Opener Chai Lg,2023-05,370,0.022961400024823136
Astoria,Spicy Eye Opener Chai Lg,2023-06,398,0.023615973417195752
Astoria,Spicy Eye Opener Chai Rg,2023-01,181,0.021857263615505374
Astoria,Spicy Eye Opener Chai Rg,2023-02,163,0.021119461000259136
Astoria,Spicy Eye Opener Chai Rg,2023-03,202,0.020202020202020204
Astoria,Spicy Eye Opener Chai Rg,2023-04,262,0.021786130051554966
Astoria,Spicy Eye Opener Chai Rg,2023-05,358,0.022216705969964005
Astoria,Spicy Eye Opener Chai Rg,2023-06,354,0.021005162285646473
Astoria,Sugar Free Vanilla syrup,2023-01,67,0.008090810288612487
Astoria,Sugar Free Vanilla syrup,2023-02,56,0.007255765742420316
Astoria,Sugar Free Vanilla syrup,2023-03,74,0.007400740074007401
Astoria,Sugar Free Vanilla syrup,2023-04,97,0.008065857309163479
Astoria,Sugar Free Vanilla syrup,2023-05,129,0.008005461089735634
Astoria,Sugar Free Vanilla syrup,2023-06,144,0.008544472794161278
Astoria,Sustainably Grown Organic,2023-01,8,0.0009660669001328342
Astoria,Sustainably Grown Organic,2023-02,6,0.0007774034724021767
Astoria,Sustainably Grown Organic,2023-03,6,0.0006000600060006001
Astoria,Sustainably Grown Organic,2023-04,9,0.0007483785132213537
Astoria,Sustainably Grown Organic,2023-05,12,0.0007446940548591287
Astoria,Sustainably Grown Organic,2023-06,9,0.0005340295496350798
Astoria,Sustainably Grown Organic Lg,2023-01,173,0.02089119671537254
Astoria,Sustainably Grown Organic Lg,2023-02,177,0.022933402435864215
Astoria,Sustainably Grown Organic Lg,2023-03,208,0.020802080208020803
Astoria,Sustainably Grown Organic Lg,2023-04,264,0.021952436387826377
Astoria,Sustainably Grown Organic Lg,2023-05,371,0.023023457862728063
Astoria,Sustainably Grown Organic Lg,2023-06,388,0.02302260725093455
Astoria,Sustainably Grown Organic Rg,2023-01,198,0.023910155778287645
Astoria,Sustainably Grown Organic Rg,2023-02,158,0.02047162477325732
Astoria,Sustainably Grown Organic Rg,2023-03,208,0.020802080208020803
Astoria,Sustainably Grown Organic Rg,2023-04,275,0.02286712123731914
Astoria,Sustainably Grown Organic Rg,2023-05,336,0.020851433536055605
Astoria,Sustainably Grown Organic Rg,2023-06,327,0.019403073636741233
Astoria,Traditional Blend Chai,2023-01,5,0.0006037918125830214
Astoria,Traditional Blend Chai,2023-02,5,0.000647836227001814
Astoria,Traditional Blend Chai,2023-03,3,0.00030003000300030005
Astoria,Traditional Blend Chai,2023-04,6,0.0004989190088142358
Astoria,Traditional Blend Chai,2023-05,5,0.000310289189524637
Astoria,Traditional Blend Chai,2023-06,7,0.0004153563163828399
Astoria,Traditional Blend Chai Lg,2023-01,166,0.02004588817775631
Astoria,Traditional Blend Chai Lg,2023-02,169,0.02189686447266131
Astoria,Traditional Blend Chai Lg,2023-03,230,0.023002300230023004
Astoria,Traditional Blend Chai Lg,2023-04,259,0.021536670547147845
Astoria,Traditional Blend Chai Lg,2023-05,325,0.020168797319101404
Astoria,Traditional Blend Chai Lg,2023-06,333,0.019759093336497953
Astoria,Traditional Blend Chai Rg,2023-01,205,0.024755464315903877
Astoria,Traditional Blend Chai Rg,2023-02,155,0.020082923037056232
Astoria,Traditional Blend Chai Rg,2023-03,213,0.0213021302130213
Astoria,Traditional Blend Chai Rg,2023-04,274,0.022783968069183435
Astoria,Traditional Blend Chai Rg,2023-05,348,0.021596127590914733
Astoria,Traditional Blend Chai Rg,2023-06,353,0.02094582566902035
Hell's Kitchen,Almond Croissant,2023-01,75,0.008992805755395683
Hell's Kitchen,Almond Croissant,2023-02,67,0.008441476628449036
Hell's Kitchen,Almond Croissant,2023-03,94,0.009217493626201216
Hell's Kitchen,Almond Croissant,2023-04,114,0.009348860095128753
Hell's Kitchen,Almond Croissant,2023-05,147,0.009219769192172603
Hell's Kitchen,Almond Croissant,2023-06,149,0.008701238028498015
Hell's Kitchen,Brazilian - Organic,2023-01,3,0.00035971223021582735
Hell's Kitchen,Brazilian - Organic,2023-02,10,0.0012599218848431397
Hell's Kitchen,Brazilian - Organic,2023-03,13,0.0012747597568150619
Hell's Kitchen,Brazilian - Organic,2023-04,10,0.0008200754469411186
Hell's Kitchen,Brazilian - Organic,2023-05,20,0.001254390366281987
Hell's Kitchen,Brazilian - Organic,2023-06,19,0.0011095538425601496
Hell's Kitchen,Brazilian Lg,2023-01,196,0.023501199040767386
Hell's Kitchen,Brazilian Lg,2023-02,162,0.020410734534458862
Hell's Kitchen,Brazilian Lg,2023-03,224,0.021965091194351832
Hell's Kitchen,Brazilian Lg,2023-04,287,0.023536165327210104
Hell's Kitchen,Brazilian Lg,2023-05,346,0.021700953336678375
Hell's Kitchen,Brazilian Lg,2023-06,337,0.01967998131277739
Hell's Kitchen,Brazilian Rg,2023-01,178,0.021342925659472423
Hell's Kitchen,Brazilian Rg,2023-02,141,0.017764898576288272
Hell's Kitchen,Brazilian Rg,2023-03,223,0.021867032751519907
Hell's Kitchen,Brazilian Rg,2023-04,258,0.02115794653108086
Hell's Kitchen,Brazilian Rg,2023-05,329,0.020634721525338684
Hell's Kitchen,Brazilian Rg,2023-06,317,0.01851202989955618
Hell's Kitchen,Brazilian Sm,2023-01,184,0.022062350119904078
Hell's Kitchen,Brazilian Sm,2023-02,152,0.019150812649615725
Hell's Kitchen,Brazilian Sm,2023-03,230,0.0225534418513434
Hell's Kitchen,Brazilian Sm,2023-04,259,0.02123995407577497
Hell's Kitchen,Brazilian Sm,2023-05,331,0.020760160561966882
Hell's Kitchen,Brazilian Sm,2023-06,364,0.021256715720626023
Hell's Kitchen,Cappuccino,2023-01,155,0.01858513189448441
Hell's Kitchen,Cappuccino,2023-02,158,0.01990676578052161
Hell's Kitchen,Cappuccino,2023-03,224,0.021965091194351832
Hell's Kitchen,Cappuccino,2023-04,252,0.02066590126291619
Hell's Kitchen,Cappuccino,2023-05,343,0.021512794781736077
Hell's Kitchen,Cappuccino,2023-06,355,0.020731137584676478
Hell's Kitchen,Cappuccino Lg,2023-01,142,0.017026378896882494
Hell's Kitchen,Cappuccino Lg,2023-02,140,0.017638906387803955
Hell's Kitchen,Cappuccino Lg,2023-03,190,0.018631104138066287
Hell's Kitchen,Cappuccino Lg,2023-04,216,0.01771362965392816
Hell's Kitchen,Cappuccino Lg,2023-05,290,0.01818866031108881
Hell's Kitchen,Cappuccino Lg,2023-06,319,0.0186288250408783
Hell's Kitchen,Carmel syrup,2023-01,115,0.013788968824940047
Hell's Kitchen,Carmel syrup,2023-02,92,0.011591281340556885
Hell's Kitchen,Carmel syrup,2023-03,131,0.012845656010982545
Hell's Kitchen,Carmel syrup,2023-04,165,0.013531244874528456
Hell's Kitchen,Carmel syrup,2023-05,211,0.013233818364274962
Hell's Kitchen,Carmel syrup,2023-06,229,0.013373043681382854
Hell's Kitchen,Chili Mayan,2023-01,5,0.0005995203836930455
Hell's Kitchen,Chili Mayan,2023-02,5,0.0006299609424215699
Hell's Kitchen,Chili Mayan,2023-03,9,0.0008825259854873505
Hell's Kitchen,Chili Mayan,2023-04,8,0.0006560603575528948
Hell's Kitchen,Chili Mayan,2023-05,11,0.0006899147014550928
Hell's Kitchen,Chili Mayan,2023-06,11,0.0006423732772716655
Hell's Kitchen,Chocolate Chip Biscotti,2023-01,63,0.007553956834532374
Hell's Kitchen,Chocolate Chip Biscotti,2023-02,73,0.00919742975935492
Hell's Kitchen,Chocolate Chip Biscotti,2023-03,86,0.008433026083545793
Hell's Kitchen,Chocolate Chip Biscotti,2023-04,85,0.006970641298999508
Hell's Kitchen,Chocolate Chip Biscotti,2023-05,109,0.0068364274962368285
Hell's Kitchen,Chocolate Chip Biscotti,2023-06,130,0.007591684185937865
Hell's Kitchen,Chocolate Croissant,2023-01,115,0.013788968824940047
Hell's Kitchen,Chocolate Croissant,2023-02,109,0.013733148544790222
Hell's Kitchen,Chocolate Croissant,2023-03,154,0.015101000196116886
Hell's Kitchen,Chocolate Croissant,2023-04,181,0.014843365589634247
Hell's Kitchen,Chocolate Croissant,2023-05,239,0.014989964877069745
Hell's Kitchen,Chocolate Croissant,2023-06,244,0.014249007241298762
Hell's Kitchen,Chocolate syrup,2023-01,96,0.011510791366906475
Hell's Kitchen,Chocolate syrup,2023-02,105,0.013229179790852967
Hell's Kitchen,Chocolate syrup,2023-03,145,0.014218474210629535
Hell's Kitchen,Chocolate syrup,2023-04,147,0.012055109070034443
Hell's Kitchen,Chocolate syrup,2023-05,188,0.011791269443050678
Hell's Kitchen,Chocolate syrup,2023-06,208,0.012146694697500585
Hell's Kitchen,Civet Cat,2023-01,27,0.003237410071942446
Hell's Kitchen,Civet Cat,2023-02,9,0.0011339296963588257
Hell's Kitchen,Civet Cat,2023-03,13,0.0012747597568150619
Hell's Kitchen,Civet Cat,2023-04,30,0.002460226340823356
Hell's Kitchen,Civet Cat,2023-05,32,0.002007024586051179
Hell's Kitchen,Civet Cat,2023-06,53,0.0030950712450362066
Hell's Kitchen,Columbian Medium Roast,2023-01,3,0.00035971223021582735
Hell's Kitchen,Columbian Medium Roast,2023-02,5,0.0006299609424215699
Hell's Kitchen,Columbian Medium Roast,2023-03,9,0.0008825259854873505
Hell's Kitchen,Columbian Medium Roast,2023-04,11,0.0009020829916352304
Hell's Kitchen,Columbian Medium Roast,2023-05,15,0.0009407927747114902
Hell's Kitchen,Columbian Medium Roast,2023-06,11,0.0006423732772716655
Hell's Kitchen,Columbian Medium Roast Lg,2023-01,153,0.018345323741007193
Hell's Kitchen,Columbian Medium Roast Lg,2023-02,140,0.017638906387803955
Hell's Kitchen,Columbian Medium Roast Lg,2023-03,167,0.01637575995293195
Hell's Kitchen,Columbian Medium Roast Lg,2023-04,212,0.017385599475151715
Hell's Kitchen,Columbian Medium Roast Lg,2023-05,308,0.0193176116407426
Hell's Kitchen,Columbian Medium Roast Lg,2023-06,328,0.019154403176827844
Hell's Kitchen,Columbian Medium Roast Rg,2023-01,172,0.02062350119904077
Hell's Kitchen,Columbian Medium Roast Rg,2023-02,149,0.018772836084162782
Hell's Kitchen,Columbian Medium Roast Rg,2023-03,207,0.02029809766620906
Hell's Kitchen,Columbian Medium Roast Rg,2023-04,227,0.01861571264556339
Hell's Kitchen,Columbian Medium Roast Rg,2023-05,323,0.02025840441545409
Hell's Kitchen,Columbian Medium Roast Rg,2023-06,333,0.019446391030133146
Hell's Kitchen,Columbian Medium Roast Sm,2023-01,170,0.02038369304556355
Hell's Kitchen,Columbian Medium Roast Sm,2023-02,180,0.022678593927176516
Hell's Kitchen,Columbian Medium Roast Sm,2023-03,195,0.019121396352225928
Hell's Kitchen,Columbian Medium Roast Sm,2023-04,241,0.01976381827128096
Hell's Kitchen,Columbian Medium Roast Sm,2023-05,295,0.018502257902659306
Hell's Kitchen,Columbian Medium Roast Sm,2023-06,337,0.01967998131277739
Hell's Kitchen,Cranberry Scone,2023-01,81,0.009712230215827337
Hell's Kitchen,Cranberry Scone,2023-02,93,0.0117172735290412
Hell's Kitchen,Cranberry Scone,2023-03,104,0.010198078054520495
Hell's Kitchen,Cranberry Scone,2023-04,122,0.010004920452681646
Hell's Kitchen,Cranberry Scone,2023-05,159,0.009972403411941796
Hell's Kitchen,Cranberry Scone,2023-06,161,0.00940200887643074
Hell's Kitchen,Croissant,2023-01,63,0.007553956834532374
Hell's Kitchen,Croissant,2023-02,69,0.008693461005417664
Hell's Kitchen,Croissant,2023-03,86,0.008433026083545793
Hell's Kitchen,Croissant,2023-04,104,0.008528784648187633
Hell's Kitchen,Croissant,2023-05,140,0.008780732563973909
Hell's Kitchen,Croissant,2023-06,150,0.008759635599159075
Hell's Kitchen,Dark chocolate,2023-01,9,0.001079136690647482
Hell's Kitchen,Dark chocolate,2023-02,6,0.0007559531309058839
Hell's Kitchen,Dark chocolate,2023-03,10,0.0009805844283192783
Hell's Kitchen,Dark chocolate,2023-04,11,0.0009020829916352304
Hell's Kitchen,Dark chocolate,2023-05,10,0.0006271951831409935
Hell's Kitchen,Dark chocolate,2023-06,20,0.00116795141322121
Hell's Kitchen,Dark chocolate Lg,2023-01,176,0.021103117505995205
Hell's Kitchen,Dark chocolate Lg,2023-02,162,0.020410734534458862
Hell's Kitchen,Dark chocolate Lg,2023-03,210,0.020592272994704845
Hell's Kitchen,Dark chocolate Lg,2023-04,260,0.021321961620469083
Hell's Kitchen,Dark chocolate Lg,2023-05,307,0.0192548921224285
Hell's Kitchen,Dark chocolate Lg,2023-06,337,0.01967998131277739
Hell's Kitchen,Dark chocolate Rg,2023-01,139,0.016666666666666666
Hell's Kitchen,Dark chocolate Rg,2023-02,143,0.0180168829532569
Hell's Kitchen,Dark chocolate Rg,2023-03,173,0.016964110609923515
Hell's Kitchen,Dark chocolate Rg,2023-04,216,0.01771362965392816
Hell's Kitchen,Dark chocolate Rg,2023-05,283,0.017749623682890115
Hell's Kitchen,Dark chocolate Rg,2023-06,309,0.018044849334267695
Hell's Kitchen,Earl Grey,2023-01,15,0.0017985611510791368
Hell's Kitchen,Earl Grey,2023-02,6,0.0007559531309058839
Hell's Kitchen,Earl Grey,2023-03,13,0.0012747597568150619
Hell's Kitchen,Earl Grey,2023-04,6,0.0004920452681646711
Hell's Kitchen,Earl Grey,2023-05,12,0.0007526342197691922
Hell's Kitchen,Earl Grey,2023-06,19,0.0011095538425601496
Hell's Kitchen,Earl Grey Lg,2023-01,144,0.017266187050359712
Hell's Kitchen,Earl Grey Lg,2023-02,157,0.019780773592037292
Hell's Kitchen,Earl Grey Lg,2023-03,171,0.016767993724259658
Hell's Kitchen,Earl Grey Lg,2023-04,238,0.01951779563719862
Hell's Kitchen,Earl Grey Lg,2023-05,277,0.01737330657300552
Hell's Kitchen,Earl Grey Lg,2023-06,315,0.01839523475823406
Hell's Kitchen,Earl Grey Rg,2023-01,180,0.02158273381294964
Hell's Kitchen,Earl Grey Rg,2023-02,185,0.023308554869598083
Hell's Kitchen,Earl Grey Rg,2023-03,223,0.021867032751519907
Hell's Kitchen,Earl Grey Rg,2023-04,235,0.019271773003116287
Hell's Kitchen,Earl Grey Rg,2023-05,333,0.020885599598595084
Hell's Kitchen,Earl Grey Rg,2023-06,366,0.021373510861948143
Hell's Kitchen,English Breakfast,2023-01,6,0.0007194244604316547
Hell's Kitchen,English Breakfast,2023-02,6,0.0007559531309058839
Hell's Kitchen,English Breakfast,2023-03,6,0.000588350656991567
Hell's Kitchen,English Breakfast,2023-04,8,0.0006560603575528948
Hell's Kitchen,English Breakfast,2023-05,12,0.0007526342197691922
Hell's Kitchen,English Breakfast,2023-06,10,0.000583975706610605
Hell's Kitchen,English Breakfast Lg,2023-01,169,0.020263788968824942
Hell's Kitchen,English Breakfast Lg,2023-02,170,0.021418672042333376
Hell's Kitchen,English Breakfast Lg,2023-03,218,0.021376740537360266
Hell's Kitchen,English Breakfast Lg,2023-04,243,0.01992783336066918
Hell's Kitchen,English Breakfast Lg,2023-05,365,0.02289262418464626
Hell's Kitchen,English Breakfast Lg,2023-06,364,0.021256715720626023
Hell's Kitchen,English Breakfast Rg,2023-01,172,0.02062350119904077
Hell's Kitchen,English Breakfast Rg,2023-02,143,0.0180168829532569
Hell's Kitchen,English Breakfast Rg,2023-03,181,0.017748578152578937
Hell's Kitchen,English Breakfast Rg,2023-04,210,0.01722158438576349
Hell's Kitchen,English Breakfast Rg,2023-05,288,0.01806322127446061
Hell's Kitchen,English Breakfast Rg,2023-06,317,0.01851202989955618
Hell's Kitchen,Espresso Roast,2023-01,9,0.001079136690647482
Hell's Kitchen,Espresso Roast,2023-02,9,0.0011339296963588257
Hell's Kitchen,Espresso Roast,2023-03,11,0.0010786428711512062
Hell's Kitchen,Espresso Roast,2023-04,9,0.0007380679022470067
Hell's Kitchen,Espresso Roast,2023-05,17,0.001066231811339689
Hell's Kitchen,Espresso Roast,2023-06,17,0.0009927587012380284
Hell's Kitchen,Espresso shot,2023-01,167,0.02002398081534772
Hell's Kitchen,Espresso shot,2023-02,162,0.020410734534458862
Hell's Kitchen,Espresso shot,2023-03,192,0.018827221023730144
Hell's Kitchen,Espresso shot,2023-04,261,0.021403969165163194
Hell's Kitchen,Espresso shot,2023-05,292,0.01831409934771701
Hell's Kitchen,Espresso shot,2023-06,354,0.020672740014015416
Hell's Kitchen,Ethiopia,2023-01,5,0.0005995203836930455
Hell's Kitchen,Ethiopia,2023-02,7,0.0008819453193901979
Hell's Kitchen,Ethiopia,2023-03,8,0.0007844675426554226
Hell's Kitchen,Ethiopia,2023-04,13,0.0010660980810234541
Hell's Kitchen,Ethiopia,2023-05,15,0.0009407927747114902
Hell's Kitchen,Ethiopia,2023-06,16,0.000934361130576968
Hell's Kitchen,Ethiopia Lg,2023-01,158,0.01894484412470024
Hell's Kitchen,Ethiopia Lg,2023-02,181,0.02280458611566083
Hell's Kitchen,Ethiopia Lg,2023-03,227,0.022259266522847616
Hell's Kitchen,Ethiopia Lg,2023-04,258,0.02115794653108086
Hell's Kitchen,Ethiopia Lg,2023-05,343,0.021512794781736077
Hell's Kitchen,Ethiopia Lg,2023-06,385,0.022483064704508293
Hell's Kitchen,Ethiopia Rg,2023-01,156,0.01870503597122302
Hell's Kitchen,Ethiopia Rg,2023-02,160,0.020158750157490236
Hell's Kitchen,Ethiopia Rg,2023-03,203,0.01990586389488135
Hell's Kitchen,Ethiopia Rg,2023-04,253,0.0207479088076103
Hell's Kitchen,Ethiopia Rg,2023-05,340,0.02132463622679378
Hell's Kitchen,Ethiopia Rg,2023-06,348,0.020322354590049056
Hell's Kitchen,Ethiopia Sm,2023-01,163,0.019544364508393284
Hell's Kitchen,Ethiopia Sm,2023-02,155,0.019528789215068666
Hell's Kitchen,Ethiopia Sm,2023-03,181,0.017748578152578937
Hell's Kitchen,Ethiopia Sm,2023-04,236,0.0193537805478104
Hell's Kitchen,Ethiopia Sm,2023-05,271,0.016996989463120924
Hell's Kitchen,Ethiopia Sm,2023-06,317,0.01851202989955618
Hell's Kitchen,Ginger Biscotti,2023-01,87,0.010431654676258994
Hell's Kitchen,Ginger Biscotti,2023-02,67,0.008441476628449036
Hell's Kitchen,Ginger Biscotti,2023-03,95,0.009315552069033143
Hell's Kitchen,Ginger Biscotti,2023-04,110,0.009020829916352304
Hell's Kitchen,Ginger Biscotti,2023-05,149,0.009345208228800804
Hell's Kitchen,Ginger Biscotti,2023-06,149,0.008701238028498015
Hell's Kitchen,Ginger Scone,2023-01,102,0.01223021582733813
Hell's Kitchen,Ginger Scone,2023-02,92,0.011591281340556885
Hell's Kitchen,Ginger Scone,2023-03,137,0.013434006667974112
Hell's Kitchen,Ginger Scone,2023-04,154,0.012629161882893225
Hell's Kitchen,Ginger Scone,2023-05,203,0.012732062217762168
Hell's Kitchen,Ginger Scone,2023-06,203,0.011854706844195281
Hell's Kitchen,Guatemalan Sustainably Grown,2023-01,11,0.0013189448441247003
Hell's Kitchen,Guatemalan Sustainably Grown,2023-02,8,0.0010079375078745117
Hell's Kitchen,Guatemalan Sustainably Grown,2023-03,8,0.0007844675426554226
Hell's Kitchen,Guatemalan Sustainably Grown,2023-04,11,0.0009020829916352304
Hell's Kitchen,Guatemalan Sustainably Grown,2023-05,11,0.0006899147014550928
Hell's Kitchen,Guatemalan Sustainably Grown,2023-06,10,0.000583975706610605
Hell's Kitchen,Hazelnut Biscotti,2023-01,78,0.00935251798561151
Hell's Kitchen,Hazelnut Biscotti,2023-02,70,0.008819453193901977
Hell's Kitchen,Hazelnut Biscotti,2023-03,95,0.009315552069033143
Hell's Kitchen,Hazelnut Biscotti,2023-04,109,0.008938822371658193
Hell's Kitchen,Hazelnut Biscotti,2023-05,141,0.008843452082288008
Hell's Kitchen,Hazelnut Biscotti,2023-06,162,0.0094604064470918
Hell's Kitchen,Hazelnut syrup,2023-01,78,0.00935251798561151
Hell's Kitchen,Hazelnut syrup,2023-02,98,0.012347234471462768
Hell's Kitchen,Hazelnut syrup,2023-03,125,0.012257305353990978
Hell's Kitchen,Hazelnut syrup,2023-04,142,0.011645071346563883
Hell's Kitchen,Hazelnut syrup,2023-05,205,0.012857501254390367
Hell's Kitchen,Hazelnut syrup,2023-06,219,0.01278906797477225
Hell's Kitchen,I Need My Bean! Diner mug,2023-01,5,0.0005995203836930455
Hell's Kitchen,I Need My Bean! Diner mug,2023-02,3,0.00037797656545294193
Hell's Kitchen,I Need My Bean! Diner mug,2023-03,3,0.0002941753284957835
Hell's Kitchen,I Need My Bean! Diner mug,2023-04,5,0.0004100377234705593
Hell's Kitchen,I Need My Bean! Diner mug,2023-05,7,0.00043903662819869544
Hell's Kitchen,I Need My Bean! Diner mug,2023-06,7,0.0004087829946274235
Hell's Kitchen,I Need My Bean! Latte cup,2023-01,3,0.00035971223021582735
Hell's Kitchen,I Need My Bean! Latte cup,2023-02,8,0.0010079375078745117
Hell's Kitchen,I Need My Bean! Latte cup,2023-03,6,0.000588350656991567
Hell's Kitchen,I Need My Bean! Latte cup,2023-04,17,0.0013941282597999015
Hell's Kitchen,I Need My Bean! Latte cup,2023-05,15,0.0009407927747114902
Hell's Kitchen,I Need My Bean! Latte cup,2023-06,16,0.000934361130576968
Hell's Kitchen,I Need My Bean! T-shirt,2023-01,3,0.00035971223021582735
Hell's Kitchen,I Need My Bean! T-shirt,2023-02,3,0.00037797656545294193
Hell's Kitchen,I Need My Bean! T-shirt,2023-03,4,0.0003922337713277113
Hell's Kitchen,I Need My Bean! T-shirt,2023-04,2,0.0001640150893882237
Hell's Kitchen,I Need My Bean! T-shirt,2023-05,8,0.0005017561465127947
Hell's Kitchen,I Need My Bean! T-shirt,2023-06,4,0.000233590282644242
Hell's Kitchen,Jamacian Coffee River,2023-01,4,0.00047961630695443646
Hell's Kitchen,Jamacian Coffee River,2023-02,7,0.0008819453193901979
Hell's Kitchen,Jamacian Coffee River,2023-03,5,0.0004902922141596392
Hell's Kitchen,Jamacian Coffee River,2023-04,12,0.0009840905363293422
Hell's Kitchen,Jamacian Coffee River,2023-05,16,0.0010035122930255895
Hell's Kitchen,Jamacian Coffee River,2023-06,9,0.0005255781359495446
Hell's Kitchen,Jamaican Coffee River Lg,2023-01,158,0.01894484412470024
Hell's Kitchen,Jamaican Coffee River Lg,2023-02,134,0.01688295325689807
Hell's Kitchen,Jamaican Coffee River Lg,2023-03,209,0.020494214551872916
Hell's Kitchen,Jamaican Coffee River Lg,2023-04,228,0.018697720190257505
Hell's Kitchen,Jamaican Coffee River Lg,2023-05,283,0.017749623682890115
Hell's Kitchen,Jamaican Coffee River Lg,2023-06,336,0.019621583742116328
Hell's Kitchen,Jamaican Coffee River Rg,2023-01,158,0.01894484412470024
Hell's Kitchen,Jamaican Coffee River Rg,2023-02,132,0.016630968879929445
Hell's Kitchen,Jamaican Coffee River Rg,2023-03,166,0.01627770151010002
Hell's Kitchen,Jamaican Coffee River Rg,2023-04,204,0.016729539117598818
Hell's Kitchen,Jamaican Coffee River Rg,2023-05,277,0.01737330657300552
Hell's Kitchen,Jamaican Coffee River Rg,2023-06,304,0.017752861480962393
Hell's Kitchen,Jamaican Coffee River Sm,2023-01,158,0.01894484412470024
Hell's Kitchen,Jamaican Coffee River Sm,2023-02,139,0.01751291419931964
Hell's Kitchen,Jamaican Coffee River Sm,2023-03,171,0.016767993724259658
Hell's Kitchen,Jamaican Coffee River Sm,2023-04,207,0.016975561751681155
Hell's Kitchen,Jamaican Coffee River Sm,2023-05,263,0.01649523331660813
Hell's Kitchen,Jamaican Coffee River Sm,2023-06,297,0.017344078486334968
Hell's Kitchen,Jumbo Savory Scone,2023-01,67,0.00803357314148681
Hell's Kitchen,Jumbo Savory Scone,2023-02,69,0.008693461005417664
Hell's Kitchen,Jumbo Savory Scone,2023-03,83,0.00813885075505001
Hell's Kitchen,Jumbo Savory Scone,2023-04,103,0.008446777103493522
Hell's Kitchen,Jumbo Savory Scone,2023-05,138,0.00865529352734571
Hell's Kitchen,Jumbo Savory Scone,2023-06,147,0.008584442887175893
Hell's Kitchen,Latte,2023-01,176,0.021103117505995205
Hell's Kitchen,Latte,2023-02,151,0.01902482046113141
Hell's Kitchen,Latte,2023-03,209,0.020494214551872916
Hell's Kitchen,Latte,2023-04,255,0.020911923896998523
Hell's Kitchen,Latte,2023-05,334,0.020948319116909184
Hell's Kitchen,Latte,2023-06,375,0.02189908899789769
Hell's Kitchen,Latte Rg,2023-01,159,0.019064748201438848
Hell's Kitchen,Latte Rg,2023-02,163,0.02053672672294318
Hell's Kitchen,Latte Rg,2023-03,222,0.021768974308687978
Hell's Kitchen,Latte Rg,2023-04,222,0.018205674922092834
Hell's Kitchen,Latte Rg,2023-05,359,0.022516307074761665
Hell's Kitchen,Latte Rg,2023-06,373,0.021782293856575565
Hell's Kitchen,Lemon Grass,2023-01,6,0.0007194244604316547
Hell's Kitchen,Lemon Grass,2023-02,10,0.0012599218848431397
Hell's Kitchen,Lemon Grass,2023-03,15,0.0014708766424789174
Hell's Kitchen,Lemon Grass,2023-04,11,0.0009020829916352304
Hell's Kitchen,Lemon Grass,2023-05,20,0.001254390366281987
Hell's Kitchen,Lemon Grass,2023-06,18,0.001051156271899089
Hell's Kitchen,Lemon Grass Lg,2023-01,155,0.01858513189448441
Hell's Kitchen,Lemon Grass Lg,2023-02,151,0.01902482046113141
Hell's Kitchen,Lemon Grass Lg,2023-03,192,0.018827221023730144
Hell's Kitchen,Lemon Grass Lg,2023-04,247,0.02025586353944563
Hell's Kitchen,Lemon Grass Lg,2023-05,337,0.02113647767185148
Hell's Kitchen,Lemon Grass Lg,2023-06,323,0.018862415323522543
Hell's Kitchen,Lemon Grass Rg,2023-01,167,0.02002398081534772
Hell's Kitchen,Lemon Grass Rg,2023-02,146,0.01839485951870984
Hell's Kitchen,Lemon Grass Rg,2023-03,202,0.01980780545204942
Hell's Kitchen,Lemon Grass Rg,2023-04,228,0.018697720190257505
Hell's Kitchen,Lemon Grass Rg,2023-05,326,0.020446562970396386
Hell's Kitchen,Lemon Grass Rg,2023-06,339,0.01979677645409951
Hell's Kitchen,Morning Sunrise Chai,2023-01,9,0.001079136690647482
Hell's Kitchen,Morning Sunrise Chai,2023-02,3,0.00037797656545294193
Hell's Kitchen,Morning Sunrise Chai,2023-03,9,0.0008825259854873505
Hell's Kitchen,Morning Sunrise Chai,2023-04,13,0.0010660980810234541
Hell's Kitchen,Morning Sunrise Chai,2023-05,16,0.0010035122930255895
Hell's Kitchen,Morning Sunrise Chai,2023-06,18,0.001051156271899089
Hell's Kitchen,Morning Sunrise Chai Lg,2023-01,146,0.01750599520383693
Hell's Kitchen,Morning Sunrise Chai Lg,2023-02,140,0.017638906387803955
Hell's Kitchen,Morning Sunrise Chai Lg,2023-03,205,0.020101980780545203
Hell's Kitchen,Morning Sunrise Chai Lg,2023-04,250,0.020501886173527963
Hell's Kitchen,Morning Sunrise Chai Lg,2023-05,314,0.019693928750627195
Hell's Kitchen,Morning Sunrise Chai Lg,2023-06,358,0.02090633029665966
Hell's Kitchen,Morning Sunrise Chai Rg,2023-01,188,0.022541966426858514
Hell's Kitchen,Morning Sunrise Chai Rg,2023-02,193,0.024316492377472597
Hell's Kitchen,Morning Sunrise Chai Rg,2023-03,239,0.023435967836830753
Hell's Kitchen,Morning Sunrise Chai Rg,2023-04,272,0.022306052156798425
Hell's Kitchen,Morning Sunrise Chai Rg,2023-05,340,0.02132463622679378
Hell's Kitchen,Morning Sunrise Chai Rg,2023-06,357,0.020847932725998598
Hell's Kitchen,Oatmeal Scone,2023-01,60,0.007194244604316547
Hell's Kitchen,Oatmeal Scone,2023-02,42,0.0052916719163411865
Hell's Kitchen,Oatmeal Scone,2023-03,80,0.007844675426554227
Hell's Kitchen,Oatmeal Scone,2023-04,93,0.007626701656552403
Hell's Kitchen,Oatmeal Scone,2023-05,118,0.007400903161063723
Hell's Kitchen,Oatmeal Scone,2023-06,128,0.007474889044615744
Hell's Kitchen,Organic Decaf Blend,2023-01,16,0.0019184652278177458
Hell's Kitchen,Organic Decaf Blend,2023-02,9,0.0011339296963588257
Hell's Kitchen,Organic Decaf Blend,2023-03,10,0.0009805844283192783
Hell's Kitchen,Organic Decaf Blend,2023-04,15,0.001230113170411678
Hell's Kitchen,Organic Decaf Blend,2023-05,17,0.001066231811339689
Hell's Kitchen,Organic Decaf Blend,2023-06,20,0.00116795141322121
Hell's Kitchen,Our Old Time Diner Blend,2023-01,15,0.0017985611510791368
Hell's Kitchen,Our Old Time Diner Blend,2023-02,8,0.0010079375078745117
Hell's Kitchen,Our Old Time Diner Blend,2023-03,10,0.0009805844283192783
Hell's Kitchen,Our Old Time Diner Blend,2023-04,13,0.0010660980810234541
Hell's Kitchen,Our Old Time Diner Blend,2023-05,21,0.0013171098845960864
Hell's Kitchen,Our Old Time Diner Blend,2023-06,22,0.001284746554543331
Hell's Kitchen,Our Old Time Diner Blend Lg,2023-01,147,0.01762589928057554
Hell's Kitchen,Our Old Time Diner Blend Lg,2023-02,143,0.0180168829532569
Hell's Kitchen,Our Old Time Diner Blend Lg,2023-03,210,0.020592272994704845
Hell's Kitchen,Our Old Time Diner Blend Lg,2023-04,245,0.020091848450057407
Hell's Kitchen,Our Old Time Diner Blend Lg,2023-05,264,0.01655795283492223
Hell's Kitchen,Our Old Time Diner Blend Lg,2023-06,332,0.019387993459472085
Hell's Kitchen,Our Old Time Diner Blend Rg,2023-01,150,0.017985611510791366
Hell's Kitchen,Our Old Time Diner Blend Rg,2023-02,167,0.021040695476880433
Hell's Kitchen,Our Old Time Diner Blend Rg,2023-03,215,0.021082565208864482
Hell's Kitchen,Our Old Time Diner Blend Rg,2023-04,251,0.020583893718222078
Hell's Kitchen,Our Old Time Diner Blend Rg,2023-05,314,0.019693928750627195
Hell's Kitchen,Our Old Time Diner Blend Rg,2023-06,354,0.020672740014015416
Hell's Kitchen,Our Old Time Diner Blend Sm,2023-01,180,0.02158273381294964
Hell's Kitchen,Our Old Time Diner Blend Sm,2023-02,179,0.0225526017386922
Hell's Kitchen,Our Old Time Diner Blend Sm,2023-03,200,0.019611688566385566
Hell's Kitchen,Our Old Time Diner Blend Sm,2023-04,261,0.021403969165163194
Hell's Kitchen,Our Old Time Diner Blend Sm,2023-05,350,0.02195183140993477
Hell's Kitchen,Our Old Time Diner Blend Sm,2023-06,380,0.02219107685120299
Hell's Kitchen,Ouro Brasileiro shot,2023-01,226,0.027098321342925658
Hell's Kitchen,Ouro Brasileiro shot,2023-02,225,0.028348242408970645
Hell's Kitchen,Ouro Brasileiro shot,2023-03,265,0.025985487350460874
Hell's Kitchen,Ouro Brasileiro shot,2023-04,317,0.02599639166803346
Hell's Kitchen,Ouro Brasileiro shot,2023-05,386,0.024209734069242348
Hell's Kitchen,Ouro Brasileiro shot,2023-06,435,0.02540294323756132
Hell's Kitchen,Peppermint,2023-01,9,0.001079136690647482
Hell's Kitchen,Peppermint,2023-02,7,0.0008819453193901979
Hell's Kitchen,Peppermint,2023-03,9,0.0008825259854873505
Hell's Kitchen,Peppermint,2023-04,12,0.0009840905363293422
Hell's Kitchen,Peppermint,2023-05,11,0.0006899147014550928
Hell's Kitchen,Peppermint,2023-06,13,0.0007591684185937865
Hell's Kitchen,Peppermint Lg,2023-01,172,0.02062350119904077
Hell's Kitchen,Peppermint Lg,2023-02,136,0.0171349376338667
Hell's Kitchen,Peppermint Lg,2023-03,195,0.019121396352225928
Hell's Kitchen,Peppermint Lg,2023-04,231,0.01894374282433984
Hell's Kitchen,Peppermint Lg,2023-05,288,0.01806322127446061
Hell's Kitchen,Peppermint Lg,2023-06,324,0.0189208128941836
Hell's Kitchen,Peppermint Rg,2023-01,183,0.02194244604316547
Hell's Kitchen,Peppermint Rg,2023-02,179,0.0225526017386922
Hell's Kitchen,Peppermint Rg,2023-03,195,0.019121396352225928
Hell's Kitchen,Peppermint Rg,2023-04,224,0.018369690011481057
Hell's Kitchen,Peppermint Rg,2023-05,310,0.019443050677370798
Hell's Kitchen,Peppermint Rg,2023-06,305,0.01781125905162345
Hell's Kitchen,Primo Espresso Roast,2023-01,12,0.0014388489208633094
Hell's Kitchen,Primo Espresso Roast,2023-02,10,0.0012599218848431397
Hell's Kitchen,Primo Espresso Roast,2023-03,11,0.0010786428711512062
Hell's Kitchen,Primo Espresso Roast,2023-04,10,0.0008200754469411186
Hell's Kitchen,Primo Espresso Roast,2023-05,15,0.0009407927747114902
Hell's Kitchen,Primo Espresso Roast,2023-06,15,0.0008759635599159075
Hell's Kitchen,Scottish Cream Scone ,2023-01,85,0.010191846522781775
Hell's Kitchen,Scottish Cream Scone ,2023-02,88,0.01108731258661963
Hell's Kitchen,Scottish Cream Scone ,2023-03,107,0.010492253383016278
Hell's Kitchen,Scottish Cream Scone ,2023-04,134,0.01098901098901099
Hell's Kitchen,Scottish Cream Scone ,2023-05,183,0.01147767185148018
Hell's Kitchen,Scottish Cream Scone ,2023-06,184,0.010745153001635132
Hell's Kitchen,Serenity Green Tea,2023-01,6,0.0007194244604316547
Hell's Kitchen,Serenity Green Tea,2023-02,5,0.0006299609424215699
Hell's Kitchen,Serenity Green Tea,2023-03,4,0.0003922337713277113
Hell's Kitchen,Serenity Green Tea,2023-04,10,0.0008200754469411186
Hell's Kitchen,Serenity Green Tea,2023-05,9,0.0005644756648268941
Hell's Kitchen,Serenity Green Tea,2023-06,10,0.000583975706610605
Hell's Kitchen,Serenity Green Tea Lg,2023-01,172,0.02062350119904077
Hell's Kitchen,Serenity Green Tea Lg,2023-02,167,0.021040695476880433
Hell's Kitchen,Serenity Green Tea Lg,2023-03,204,0.020003922337713278
Hell's Kitchen,Serenity Green Tea Lg,2023-04,216,0.01771362965392816
Hell's Kitchen,Serenity Green Tea Lg,2023-05,329,0.020634721525338684
Hell's Kitchen,Serenity Green Tea Lg,2023-06,317,0.01851202989955618
Hell's Kitchen,Serenity Green Tea Rg,2023-01,211,0.025299760191846522
Hell's Kitchen,Serenity Green Tea Rg,2023-02,185,0.023308554869598083
Hell's Kitchen,Serenity Green Tea Rg,2023-03,207,0.02029809766620906
Hell's Kitchen,Serenity Green Tea Rg,2023-04,289,0.023700180416598327
Hell's Kitchen,Serenity Green Tea Rg,2023-05,348,0.021826392373306573
Hell's Kitchen,Serenity Green Tea Rg,2023-06,361,0.02108152300864284
Hell's Kitchen,Spicy Eye Opener Chai,2023-01,2,0.00023980815347721823
Hell's Kitchen,Spicy Eye Opener Chai,2023-02,8,0.0010079375078745117
Hell's Kitchen,Spicy Eye Opener Chai,2023-03,3,0.0002941753284957835
Hell's Kitchen,Spicy Eye Opener Chai,2023-04,6,0.0004920452681646711
Hell's Kitchen,Spicy Eye Opener Chai,2023-05,5,0.00031359759157049673
Hell's Kitchen,Spicy Eye Opener Chai,2023-06,11,0.0006423732772716655
Hell's Kitchen,Spicy Eye Opener Chai Lg,2023-01,161,0.019304556354916066
Hell's Kitchen,Spicy Eye Opener Chai Lg,2023-02,154,0.019402797026584352
Hell's Kitchen,Spicy Eye Opener Chai Lg,2023-03,221,0.02167091586585605
Hell's Kitchen,Spicy Eye Opener Chai Lg,2023-04,244,0.020009840905363292
Hell's Kitchen,Spicy Eye Opener Chai Lg,2023-05,310,0.019443050677370798
Hell's Kitchen,Spicy Eye Opener Chai Lg,2023-06,315,0.01839523475823406
Hell's Kitchen,Spicy Eye Opener Chai Rg,2023-01,170,0.02038369304556355
Hell's Kitchen,Spicy Eye Opener Chai Rg,2023-02,160,0.020158750157490236
Hell's Kitchen,Spicy Eye Opener Chai Rg,2023-03,189,0.01853304569523436
Hell's Kitchen,Spicy Eye Opener Chai Rg,2023-04,223,0.018287682466786945
Hell's Kitchen,Spicy Eye Opener Chai Rg,2023-05,309,0.0193803311590567
Hell's Kitchen,Spicy Eye Opener Chai Rg,2023-06,325,0.018979210464844663
Hell's Kitchen,Sugar Free Vanilla syrup,2023-01,89,0.010671462829736212
Hell's Kitchen,Sugar Free Vanilla syrup,2023-02,105,0.013229179790852967
Hell's Kitchen,Sugar Free Vanilla syrup,2023-03,120,0.011767013139831339
Hell's Kitchen,Sugar Free Vanilla syrup,2023-04,151,0.01238313924881089
Hell's Kitchen,Sugar Free Vanilla syrup,2023-05,209,0.013108379327646764
Hell's Kitchen,Sugar Free Vanilla syrup,2023-06,223,0.013022658257416492
Hell's Kitchen,Sustainably Grown Organic,2023-01,10,0.001199040767386091
Hell's Kitchen,Sustainably Grown Organic,2023-02,5,0.0006299609424215699
Hell's Kitchen,Sustainably Grown Organic,2023-03,10,0.0009805844283192783
Hell's Kitchen,Sustainably Grown Organic,2023-04,18,0.0014761358044940135
Hell's Kitchen,Sustainably Grown Organic,2023-05,18,0.0011289513296537882
Hell's Kitchen,Sustainably Grown Organic,2023-06,21,0.0012263489838822705
Hell's Kitchen,Sustainably Grown Organic Lg,2023-01,179,0.021462829736211032
Hell's Kitchen,Sustainably Grown Organic Lg,2023-02,177,0.022300617361723573
Hell's Kitchen,Sustainably Grown Organic Lg,2023-03,215,0.021082565208864482
Hell's Kitchen,Sustainably Grown Organic Lg,2023-04,259,0.02123995407577497
Hell's Kitchen,Sustainably Grown Organic Lg,2023-05,354,0.02220270948319117
Hell's Kitchen,Sustainably Grown Organic Lg,2023-06,359,0.02096472786732072
Hell's Kitchen,Sustainably Grown Organic Rg,2023-01,156,0.01870503597122302
Hell's Kitchen,Sustainably Grown Organic Rg,2023-02,166,0.02091470328839612
Hell's Kitchen,Sustainably Grown Organic Rg,2023-03,179,0.017552461266915082
Hell's Kitchen,Sustainably Grown Organic Rg,2023-04,240,0.019681810726586847
Hell's Kitchen,Sustainably Grown Organic Rg,2023-05,304,0.019066733567486203
Hell's Kitchen,Sustainably Grown Organic Rg,2023-06,369,0.021548703573931325
Hell's Kitchen,Traditional Blend Chai,2023-01,4,0.00047961630695443646
Hell's Kitchen,Traditional Blend Chai,2023-02,5,0.0006299609424215699
Hell's Kitchen,Traditional Blend Chai,2023-03,10,0.0009805844283192783
Hell's Kitchen,Traditional Blend Chai,2023-04,13,0.0010660980810234541
Hell's Kitchen,Traditional Blend Chai,2023-05,23,0.001442548921224285
Hell's Kitchen,Traditional Blend Chai,2023-06,23,0.0013431441252043915
Hell's Kitchen,Traditional Blend Chai Lg,2023-01,172,0.02062350119904077
Hell's Kitchen,Traditional Blend Chai Lg,2023-02,150,0.018898828272647095
Hell's Kitchen,Traditional Blend Chai Lg,2023-03,188,0.018434987252402432
Hell's Kitchen,Traditional Blend Chai Lg,2023-04,277,0.022716089880268985
Hell's Kitchen,Traditional Blend Chai Lg,2023-05,313,0.019631209232313096
Hell's Kitchen,Traditional Blend Chai Lg,2023-06,353,0.020614342443354357
Hell's Kitchen,Traditional Blend Chai Rg,2023-01,171,0.02050359712230216
Hell's Kitchen,Traditional Blend Chai Rg,2023-02,159,0.020032757969005922
Hell's Kitchen,Traditional Blend Chai Rg,2023-03,210,0.020592272994704845
Hell's Kitchen,Traditional Blend Chai Rg,2023-04,254,0.020829916352304412
Hell's Kitchen,Traditional Blend Chai Rg,2023-05,373,0.023394380331159058
Hell's Kitchen,Traditional Blend Chai Rg,2023-06,352,0.020555944872693296
Lower Manhattan,Almond Croissant,2023-01,72,0.008728330706752333
Lower Manhattan,Almond Croissant,2023-02,71,0.008993033565547814
Lower Manhattan,Almond Croissant,2023-03,86,0.008423939661083358
Lower Manhattan,Almond Croissant,2023-04,108,0.00881704628949302
Lower Manhattan,Almond Croissant,2023-05,145,0.008964451313755796
Lower Manhattan,Almond Croissant,2023-06,160,0.009431181844974948
Lower Manhattan,Brazilian - Organic,2023-01,14,0.0016971754152018427
Lower Manhattan,Brazilian - Organic,2023-02,8,0.001013299556681444
Lower Manhattan,Brazilian - Organic,2023-03,11,0.0010774806543246156
Lower Manhattan,Brazilian - Organic,2023-04,17,0.0013878683974201977
Lower Manhattan,Brazilian - Organic,2023-05,19,0.0011746522411128285
Lower Manhattan,Brazilian - Organic,2023-06,23,0.001355732390215149
Lower Manhattan,Brazilian Lg,2023-01,179,0.021699599951509274
Lower Manhattan,Brazilian Lg,2023-02,151,0.019126029132362256
Lower Manhattan,Brazilian Lg,2023-03,178,0.017435596042707415
Lower Manhattan,Brazilian Lg,2023-04,240,0.01959343619887338
Lower Manhattan,Brazilian Lg,2023-05,295,0.018238021638330756
Lower Manhattan,Brazilian Lg,2023-06,306,0.01803713527851459
Lower Manhattan,Brazilian Rg,2023-01,153,0.018547702751848708
Lower Manhattan,Brazilian Rg,2023-02,148,0.018746041798606713
Lower Manhattan,Brazilian Rg,2023-03,219,0.02145166029973553
Lower Manhattan,Brazilian Rg,2023-04,237,0.01934851824638746
Lower Manhattan,Brazilian Rg,2023-05,324,0.020030911901081916
Lower Manhattan,Brazilian Rg,2023-06,326,0.019216033009136456
Lower Manhattan,Brazilian Sm,2023-01,164,0.01988119772093587
Lower Manhattan,Brazilian Sm,2023-02,155,0.019632678910702975
Lower Manhattan,Brazilian Sm,2023-03,169,0.016554020961896367
Lower Manhattan,Brazilian Sm,2023-04,242,0.01975671483386399
Lower Manhattan,Brazilian Sm,2023-05,321,0.019845440494590416
Lower Manhattan,Brazilian Sm,2023-06,343,0.020218096080165046
Lower Manhattan,Cappuccino,2023-01,169,0.020487331797793672
Lower Manhattan,Cappuccino,2023-02,137,0.01735275490816973
Lower Manhattan,Cappuccino,2023-03,203,0.019884415711626996
Lower Manhattan,Cappuccino,2023-04,241,0.019675075516368684
Lower Manhattan,Cappuccino,2023-05,297,0.018361669242658425
Lower Manhattan,Cappuccino,2023-06,323,0.019039198349543176
Lower Manhattan,Cappuccino Lg,2023-01,142,0.017214207782761545
Lower Manhattan,Cappuccino Lg,2023-02,157,0.019886003799873337
Lower Manhattan,Cappuccino Lg,2023-03,197,0.019296698991086297
Lower Manhattan,Cappuccino Lg,2023-04,226,0.018450485753939098
Lower Manhattan,Cappuccino Lg,2023-05,346,0.021391035548686245
Lower Manhattan,Cappuccino Lg,2023-06,344,0.02027704096669614
Lower Manhattan,Carmel syrup,2023-01,140,0.016971754152018428
Lower Manhattan,Carmel syrup,2023-02,119,0.01507283090563648
Lower Manhattan,Carmel syrup,2023-03,145,0.014203154079733568
Lower Manhattan,Carmel syrup,2023-04,193,0.015756388276594008
Lower Manhattan,Carmel syrup,2023-05,250,0.015455950540958269
Lower Manhattan,Carmel syrup,2023-06,251,0.01479516651930445
Lower Manhattan,Chili Mayan,2023-01,6,0.0007273608922293612
Lower Manhattan,Chili Mayan,2023-02,6,0.0007599746675110829
Lower Manhattan,Chili Mayan,2023-03,5,0.0004897639337839161
Lower Manhattan,Chili Mayan,2023-04,11,0.0008980324924483631
Lower Manhattan,Chili Mayan,2023-05,10,0.0006182380216383308
Lower Manhattan,Chili Mayan,2023-06,14,0.000825228411435308
Lower Manhattan,Chocolate Chip Biscotti,2023-01,69,0.008364650260637653
Lower Manhattan,Chocolate Chip Biscotti,2023-02,80,0.01013299556681444
Lower Manhattan,Chocolate Chip Biscotti,2023-03,93,0.00910960916838084
Lower Manhattan,Chocolate Chip Biscotti,2023-04,129,0.010531471956894441
Lower Manhattan,Chocolate Chip Biscotti,2023-05,176,0.01088098918083462
Lower Manhattan,Chocolate Chip Biscotti,2023-06,179,0.010551134689065723
Lower Manhattan,Chocolate Croissant,2023-01,117,0.014183537398472543
Lower Manhattan,Chocolate Croissant,2023-02,110,0.013932868904369854
Lower Manhattan,Chocolate Croissant,2023-03,153,0.014986776373787834
Lower Manhattan,Chocolate Croissant,2023-04,181,0.014776716466650339
Lower Manhattan,Chocolate Croissant,2023-05,235,0.014528593508500772
Lower Manhattan,Chocolate Croissant,2023-06,235,0.013852048334806955
Lower Manhattan,Chocolate syrup,2023-01,143,0.017335434598133106
Lower Manhattan,Chocolate syrup,2023-02,98,0.012412919569347688
Lower Manhattan,Chocolate syrup,2023-03,154,0.015084729160544617
Lower Manhattan,Chocolate syrup,2023-04,192,0.015674748959098702
Lower Manhattan,Chocolate syrup,2023-05,246,0.015208655332302937
Lower Manhattan,Chocolate syrup,2023-06,266,0.015679339817270852
Lower Manhattan,Civet Cat,2023-01,3,0.0003636804461146806
Lower Manhattan,Civet Cat,2023-02,8,0.001013299556681444
Lower Manhattan,Civet Cat,2023-03,8,0.0007836222940542658
Lower Manhattan,Civet Cat,2023-04,6,0.0004898359049718344
Lower Manhattan,Civet Cat,2023-05,12,0.0007418856259659969
Lower Manhattan,Civet Cat,2023-06,14,0.000825228411435308
Lower Manhattan,Columbian Medium Roast,2023-01,2,0.0002424536307431204
Lower Manhattan,Columbian Medium Roast,2023-02,7,0.0008866371120962635
Lower Manhattan,Columbian Medium Roast,2023-03,4,0.0003918111470271329
Lower Manhattan,Columbian Medium Roast,2023-04,6,0.0004898359049718344
Lower Manhattan,Columbian Medium Roast,2023-05,10,0.0006182380216383308
Lower Manhattan,Columbian Medium Roast,2023-06,8,0.0004715590922487474
Lower Manhattan,Columbian Medium Roast Lg,2023-01,155,0.01879015638259183
Lower Manhattan,Columbian Medium Roast Lg,2023-02,168,0.021279290690310322
Lower Manhattan,Columbian Medium Roast Lg,2023-03,217,0.021255754726221963
Lower Manhattan,Columbian Medium Roast Lg,2023-04,234,0.019103600293901544
Lower Manhattan,Columbian Medium Roast Lg,2023-05,311,0.019227202472952086
Lower Manhattan,Columbian Medium Roast Lg,2023-06,365,0.0215148835838491
Lower Manhattan,Columbian Medium Roast Rg,2023-01,193,0.023396775366711118
Lower Manhattan,Columbian Medium Roast Rg,2023-02,151,0.019126029132362256
Lower Manhattan,Columbian Medium Roast Rg,2023-03,214,0.02096189636595161
Lower Manhattan,Columbian Medium Roast Rg,2023-04,244,0.0199199934688546
Lower Manhattan,Columbian Medium Roast Rg,2023-05,338,0.02089644513137558
Lower Manhattan,Columbian Medium Roast Rg,2023-06,383,0.022575891541408783
Lower Manhattan,Columbian Medium Roast Sm,2023-01,143,0.017335434598133106
Lower Manhattan,Columbian Medium Roast Sm,2023-02,135,0.017099430018999367
Lower Manhattan,Columbian Medium Roast Sm,2023-03,158,0.01547654030757175
Lower Manhattan,Columbian Medium Roast Sm,2023-04,225,0.018368846436443792
Lower Manhattan,Columbian Medium Roast Sm,2023-05,254,0.0157032457496136
Lower Manhattan,Columbian Medium Roast Sm,2023-06,302,0.017801355732390216
Lower Manhattan,Cranberry Scone,2023-01,86,0.010425506121954177
Lower Manhattan,Cranberry Scone,2023-02,79,0.010006333122229259
Lower Manhattan,Cranberry Scone,2023-03,98,0.009599373102164757
Lower Manhattan,Cranberry Scone,2023-04,122,0.0099599967344273
Lower Manhattan,Cranberry Scone,2023-05,152,0.009397217928902628
Lower Manhattan,Cranberry Scone,2023-06,150,0.008841732979664015
Lower Manhattan,Croissant,2023-01,85,0.010304279306582616
Lower Manhattan,Croissant,2023-02,84,0.010639645345155161
Lower Manhattan,Croissant,2023-03,101,0.009893231462435106
Lower Manhattan,Croissant,2023-04,125,0.010204914686913218
Lower Manhattan,Croissant,2023-05,169,0.01044822256568779
Lower Manhattan,Croissant,2023-06,172,0.01013852048334807
Lower Manhattan,Dark chocolate,2023-01,3,0.0003636804461146806
Lower Manhattan,Dark chocolate,2023-02,6,0.0007599746675110829
Lower Manhattan,Dark chocolate,2023-03,6,0.0005877167205406994
Lower Manhattan,Dark chocolate,2023-04,8,0.000653114539962446
Lower Manhattan,Dark chocolate,2023-05,10,0.0006182380216383308
Lower Manhattan,Dark chocolate,2023-06,6,0.00035366931918656057
Lower Manhattan,Dark chocolate Lg,2023-01,165,0.02000242453630743
Lower Manhattan,Dark chocolate Lg,2023-02,164,0.020772640911969602
Lower Manhattan,Dark chocolate Lg,2023-03,214,0.02096189636595161
Lower Manhattan,Dark chocolate Lg,2023-04,251,0.02049146869132174
Lower Manhattan,Dark chocolate Lg,2023-05,318,0.019659969088098916
Lower Manhattan,Dark chocolate Lg,2023-06,349,0.020571765399351606
Lower Manhattan,Dark chocolate Rg,2023-01,140,0.016971754152018428
Lower Manhattan,Dark chocolate Rg,2023-02,141,0.017859404686510448
Lower Manhattan,Dark chocolate Rg,2023-03,179,0.017533548829464198
Lower Manhattan,Dark chocolate Rg,2023-04,193,0.015756388276594008
Lower Manhattan,Dark chocolate Rg,2023-05,283,0.01749613601236476
Lower Manhattan,Dark chocolate Rg,2023-06,295,0.017388741526672562
Lower Manhattan,Earl Grey,2023-01,4,0.0004849072614862408
Lower Manhattan,Earl Grey,2023-02,8,0.001013299556681444
Lower Manhattan,Earl Grey,2023-03,8,0.0007836222940542658
Lower Manhattan,Earl Grey,2023-04,7,0.0005714752224671402
Lower Manhattan,Earl Grey,2023-05,7,0.00043276661514683154
Lower Manhattan,Earl Grey,2023-06,7,0.000412614205717654
Lower Manhattan,Earl Grey Lg,2023-01,184,0.022305734028367073
Lower Manhattan,Earl Grey Lg,2023-02,177,0.02241925269157695
Lower Manhattan,Earl Grey Lg,2023-03,228,0.022333235380546577
Lower Manhattan,Earl Grey Lg,2023-04,243,0.019838354151359296
Lower Manhattan,Earl Grey Lg,2023-05,329,0.02034003091190108
Lower Manhattan,Earl Grey Lg,2023-06,343,0.020218096080165046
Lower Manhattan,Earl Grey Rg,2023-01,161,0.01951751727482119
Lower Manhattan,Earl Grey Rg,2023-02,163,0.02064597846738442
Lower Manhattan,Earl Grey Rg,2023-03,198,0.01939465177784308
Lower Manhattan,Earl Grey Rg,2023-04,249,0.02032819005633113
Lower Manhattan,Earl Grey Rg,2023-05,348,0.02151468315301391
Lower Manhattan,Earl Grey Rg,2023-06,342,0.020159151193633953
Lower Manhattan,English Breakfast,2023-01,8,0.0009698145229724816
Lower Manhattan,English Breakfast,2023-02,9,0.0011399620012666244
Lower Manhattan,English Breakfast,2023-03,10,0.0009795278675678322
Lower Manhattan,English Breakfast,2023-04,9,0.0007347538574577516
Lower Manhattan,English Breakfast,2023-05,10,0.0006182380216383308
Lower Manhattan,English Breakfast,2023-06,12,0.0007073386383731211
Lower Manhattan,English Breakfast Lg,2023-01,163,0.01975997090556431
Lower Manhattan,English Breakfast Lg,2023-02,163,0.02064597846738442
Lower Manhattan,English Breakfast Lg,2023-03,202,0.019786462924870213
Lower Manhattan,English Breakfast Lg,2023-04,219,0.017879010531471957
Lower Manhattan,English Breakfast Lg,2023-05,329,0.02034003091190108
Lower Manhattan,English Breakfast Lg,2023-06,316,0.018626584143825523
Lower Manhattan,English Breakfast Rg,2023-01,161,0.01951751727482119
Lower Manhattan,English Breakfast Rg,2023-02,173,0.021912602913236226
Lower Manhattan,English Breakfast Rg,2023-03,229,0.02243118816730336
Lower Manhattan,English Breakfast Rg,2023-04,287,0.023430484121152746
Lower Manhattan,English Breakfast Rg,2023-05,336,0.020772797527047915
Lower Manhattan,English Breakfast Rg,2023-06,364,0.021455938697318006
Lower Manhattan,Espresso Roast,2023-01,4,0.0004849072614862408
Lower Manhattan,Espresso Roast,2023-02,4,0.000506649778340722
Lower Manhattan,Espresso Roast,2023-03,10,0.0009795278675678322
Lower Manhattan,Espresso Roast,2023-04,8,0.000653114539962446
Lower Manhattan,Espresso Roast,2023-05,10,0.0006182380216383308
Lower Manhattan,Espresso Roast,2023-06,10,0.0005894488653109342
Lower Manhattan,Espresso shot,2023-01,140,0.016971754152018428
Lower Manhattan,Espresso shot,2023-02,152,0.019252691576947437
Lower Manhattan,Espresso shot,2023-03,173,0.0169458321089235
Lower Manhattan,Espresso shot,2023-04,230,0.01877704302392032
Lower Manhattan,Espresso shot,2023-05,290,0.01792890262751159
Lower Manhattan,Espresso shot,2023-06,315,0.01856763925729443
Lower Manhattan,Ethiopia,2023-01,12,0.0014547217844587223
Lower Manhattan,Ethiopia,2023-02,10,0.001266624445851805
Lower Manhattan,Ethiopia,2023-03,14,0.0013713390145949653
Lower Manhattan,Ethiopia,2023-04,11,0.0008980324924483631
Lower Manhattan,Ethiopia,2023-05,18,0.0011128284389489954
Lower Manhattan,Ethiopia,2023-06,14,0.000825228411435308
Lower Manhattan,Ethiopia Lg,2023-01,166,0.02012365135167899
Lower Manhattan,Ethiopia Lg,2023-02,130,0.016466117796073463
Lower Manhattan,Ethiopia Lg,2023-03,206,0.020178274071897345
Lower Manhattan,Ethiopia Lg,2023-04,242,0.01975671483386399
Lower Manhattan,Ethiopia Lg,2023-05,280,0.01731066460587326
Lower Manhattan,Ethiopia Lg,2023-06,343,0.020218096080165046
Lower Manhattan,Ethiopia Rg,2023-01,157,0.01903261001333495
Lower Manhattan,Ethiopia Rg,2023-02,180,0.022799240025332488
Lower Manhattan,Ethiopia Rg,2023-03,204,0.01998236849838378
Lower Manhattan,Ethiopia Rg,2023-04,275,0.02245081231120908
Lower Manhattan,Ethiopia Rg,2023-05,321,0.019845440494590416
Lower Manhattan,Ethiopia Rg,2023-06,378,0.022281167108753316
Lower Manhattan,Ethiopia Sm,2023-01,194,0.023518002182082675
Lower Manhattan,Ethiopia Sm,2023-02,146,0.018492716909436352
Lower Manhattan,Ethiopia Sm,2023-03,197,0.019296698991086297
Lower Manhattan,Ethiopia Sm,2023-04,259,0.021144583231284188
Lower Manhattan,Ethiopia Sm,2023-05,333,0.020587326120556415
Lower Manhattan,Ethiopia Sm,2023-06,362,0.02133804892425582
Lower Manhattan,Ginger Biscotti,2023-01,66,0.008000969814522972
Lower Manhattan,Ginger Biscotti,2023-02,63,0.007979734008866372
Lower Manhattan,Ginger Biscotti,2023-03,79,0.007738270153785875
Lower Manhattan,Ginger Biscotti,2023-04,93,0.007592456527063434
Lower Manhattan,Ginger Biscotti,2023-05,109,0.006738794435857805
Lower Manhattan,Ginger Biscotti,2023-06,130,0.007662835249042145
Lower Manhattan,Ginger Scone,2023-01,114,0.013819856952357861
Lower Manhattan,Ginger Scone,2023-02,126,0.015959468017732743
Lower Manhattan,Ginger Scone,2023-03,135,0.013223626212165737
Lower Manhattan,Ginger Scone,2023-04,169,0.01379704465670667
Lower Manhattan,Ginger Scone,2023-05,214,0.013230293663060277
Lower Manhattan,Ginger Scone,2023-06,243,0.014323607427055704
Lower Manhattan,Guatemalan Sustainably Grown,2023-01,7,0.0008485877076009214
Lower Manhattan,Guatemalan Sustainably Grown,2023-02,2,0.000253324889170361
Lower Manhattan,Guatemalan Sustainably Grown,2023-03,6,0.0005877167205406994
Lower Manhattan,Guatemalan Sustainably Grown,2023-04,5,0.0004081965874765287
Lower Manhattan,Guatemalan Sustainably Grown,2023-05,8,0.0004945904173106646
Lower Manhattan,Guatemalan Sustainably Grown,2023-06,7,0.000412614205717654
Lower Manhattan,Hazelnut Biscotti,2023-01,85,0.010304279306582616
Lower Manhattan,Hazelnut Biscotti,2023-02,85,0.010766307789740342
Lower Manhattan,Hazelnut Biscotti,2023-03,109,0.010676853756489373
Lower Manhattan,Hazelnut Biscotti,2023-04,110,0.008980324924483632
Lower Manhattan,Hazelnut Biscotti,2023-05,161,0.009953632148377125
Lower Manhattan,Hazelnut Biscotti,2023-06,159,0.009372236958443855
Lower Manhattan,Hazelnut syrup,2023-01,126,0.015274578736816584
Lower Manhattan,Hazelnut syrup,2023-02,125,0.015832805573147563
Lower Manhattan,Hazelnut syrup,2023-03,148,0.014497012440003919
Lower Manhattan,Hazelnut syrup,2023-04,190,0.01551147032410809
Lower Manhattan,Hazelnut syrup,2023-05,234,0.01446676970633694
Lower Manhattan,Hazelnut syrup,2023-06,248,0.01461833185971117
Lower Manhattan,I Need My Bean! Diner mug,2023-01,11,0.001333494969087162
Lower Manhattan,I Need My Bean! Diner mug,2023-02,16,0.002026599113362888
Lower Manhattan,I Need My Bean! Diner mug,2023-03,22,0.002154961308649231
Lower Manhattan,I Need My Bean! Diner mug,2023-04,26,0.0021226222548779493
Lower Manhattan,I Need My Bean! Diner mug,2023-05,33,0.0020401854714064914
Lower Manhattan,I Need My Bean! Diner mug,2023-06,36,0.002122015915119363
Lower Manhattan,I Need My Bean! Latte cup,2023-01,21,0.002545763122802764
Lower Manhattan,I Need My Bean! Latte cup,2023-02,14,0.001773274224192527
Lower Manhattan,I Need My Bean! Latte cup,2023-03,17,0.001665197374865315
Lower Manhattan,I Need My Bean! Latte cup,2023-04,26,0.0021226222548779493
Lower Manhattan,I Need My Bean! Latte cup,2023-05,29,0.0017928902627511593
Lower Manhattan,I Need My Bean! Latte cup,2023-06,41,0.0024167403477748303
Lower Manhattan,I Need My Bean! T-shirt,2023-01,15,0.0018184022305734028
Lower Manhattan,I Need My Bean! T-shirt,2023-02,5,0.0006333122229259025
Lower Manhattan,I Need My Bean! T-shirt,2023-03,11,0.0010774806543246156
Lower Manhattan,I Need My Bean! T-shirt,2023-04,14,0.0011429504449342804
Lower Manhattan,I Need My Bean! T-shirt,2023-05,19,0.0011746522411128285
Lower Manhattan,I Need My Bean! T-shirt,2023-06,22,0.0012967875036840554
Lower Manhattan,Jamacian Coffee River,2023-01,6,0.0007273608922293612
Lower Manhattan,Jamacian Coffee River,2023-02,4,0.000506649778340722
Lower Manhattan,Jamacian Coffee River,2023-03,4,0.0003918111470271329
Lower Manhattan,Jamacian Coffee River,2023-04,12,0.0009796718099436689
Lower Manhattan,Jamacian Coffee River,2023-05,7,0.00043276661514683154
Lower Manhattan,Jamacian Coffee River,2023-06,9,0.0005305039787798408
Lower Manhattan,Jamaican Coffee River Lg,2023-01,161,0.01951751727482119
Lower Manhattan,Jamaican Coffee River Lg,2023-02,163,0.02064597846738442
Lower Manhattan,Jamaican Coffee River Lg,2023-03,223,0.02184347144676266
Lower Manhattan,Jamaican Coffee River Lg,2023-04,247,0.02016491142134052
Lower Manhattan,Jamaican Coffee River Lg,2023-05,354,0.02188562596599691
Lower Manhattan,Jamaican Coffee River Lg,2023-06,348,0.020512820512820513
Lower Manhattan,Jamaican Coffee River Rg,2023-01,149,0.01806279549036247
Lower Manhattan,Jamaican Coffee River Rg,2023-02,124,0.015706143128562382
Lower Manhattan,Jamaican Coffee River Rg,2023-03,172,0.016847879322166717
Lower Manhattan,Jamaican Coffee River Rg,2023-04,193,0.015756388276594008
Lower Manhattan,Jamaican Coffee River Rg,2023-05,279,0.017248840803709427
Lower Manhattan,Jamaican Coffee River Rg,2023-06,283,0.01668140288829944
Lower Manhattan,Jamaican Coffee River Sm,2023-01,154,0.018668929567220268
Lower Manhattan,Jamaican Coffee River Sm,2023-02,164,0.020772640911969602
Lower Manhattan,Jamaican Coffee River Sm,2023-03,205,0.020080321285140562
Lower Manhattan,Jamaican Coffee River Sm,2023-04,261,0.0213078618662748
Lower Manhattan,Jamaican Coffee River Sm,2023-05,343,0.021205564142194745
Lower Manhattan,Jamaican Coffee River Sm,2023-06,333,0.019628647214854113
Lower Manhattan,Jumbo Savory Scone,2023-01,93,0.011274093829555097
Lower Manhattan,Jumbo Savory Scone,2023-02,64,0.008106396453451552
Lower Manhattan,Jumbo Savory Scone,2023-03,109,0.010676853756489373
Lower Manhattan,Jumbo Savory Scone,2023-04,140,0.011429504449342804
Lower Manhattan,Jumbo Savory Scone,2023-05,159,0.009829984544049458
Lower Manhattan,Jumbo Savory Scone,2023-06,156,0.009195402298850575
Lower Manhattan,Latte,2023-01,164,0.01988119772093587
Lower Manhattan,Latte,2023-02,198,0.02507916402786574
Lower Manhattan,Latte,2023-03,217,0.021255754726221963
Lower Manhattan,Latte,2023-04,259,0.021144583231284188
Lower Manhattan,Latte,2023-05,339,0.02095826893353941
Lower Manhattan,Latte,2023-06,364,0.021455938697318006
Lower Manhattan,Latte Rg,2023-01,203,0.02460904352042672
Lower Manhattan,Latte Rg,2023-02,144,0.01823939202026599
Lower Manhattan,Latte Rg,2023-03,208,0.02037417964541091
Lower Manhattan,Latte Rg,2023-04,261,0.0213078618662748
Lower Manhattan,Latte Rg,2023-05,340,0.021020092735703245
Lower Manhattan,Latte Rg,2023-06,347,0.02045387562628942
Lower Manhattan,Lemon Grass,2023-01,4,0.0004849072614862408
Lower Manhattan,Lemon Grass,2023-02,3,0.00037998733375554147
Lower Manhattan,Lemon Grass,2023-03,3,0.0002938583602703497
Lower Manhattan,Lemon Grass,2023-04,4,0.000326557269981223
Lower Manhattan,Lemon Grass,2023-05,7,0.00043276661514683154
Lower Manhattan,Lemon Grass,2023-06,9,0.0005305039787798408
Lower Manhattan,Lemon Grass Lg,2023-01,152,0.018426475936477147
Lower Manhattan,Lemon Grass Lg,2023-02,148,0.018746041798606713
Lower Manhattan,Lemon Grass Lg,2023-03,195,0.01910079341757273
Lower Manhattan,Lemon Grass Lg,2023-04,228,0.01861376438892971
Lower Manhattan,Lemon Grass Lg,2023-05,302,0.01867078825347759
Lower Manhattan,Lemon Grass Lg,2023-06,282,0.016622458001768346
Lower Manhattan,Lemon Grass Rg,2023-01,150,0.01818402230573403
Lower Manhattan,Lemon Grass Rg,2023-02,163,0.02064597846738442
Lower Manhattan,Lemon Grass Rg,2023-03,207,0.02027622685865413
Lower Manhattan,Lemon Grass Rg,2023-04,242,0.01975671483386399
Lower Manhattan,Lemon Grass Rg,2023-05,329,0.02034003091190108
Lower Manhattan,Lemon Grass Rg,2023-06,345,0.020335985853227233
Lower Manhattan,Morning Sunrise Chai,2023-01,3,0.0003636804461146806
Lower Manhattan,Morning Sunrise Chai,2023-02,4,0.000506649778340722
Lower Manhattan,Morning Sunrise Chai,2023-03,7,0.0006856695072974826
Lower Manhattan,Morning Sunrise Chai,2023-04,9,0.0007347538574577516
Lower Manhattan,Morning Sunrise Chai,2023-05,10,0.0006182380216383308
Lower Manhattan,Morning Sunrise Chai,2023-06,15,0.0008841732979664014
Lower Manhattan,Morning Sunrise Chai Lg,2023-01,141,0.017092980967389988
Lower Manhattan,Morning Sunrise Chai Lg,2023-02,162,0.02051931602279924
Lower Manhattan,Morning Sunrise Chai Lg,2023-03,183,0.01792535997649133
Lower Manhattan,Morning Sunrise Chai Lg,2023-04,241,0.019675075516368684
Lower Manhattan,Morning Sunrise Chai Lg,2023-05,314,0.019412673879443586
Lower Manhattan,Morning Sunrise Chai Lg,2023-06,315,0.01856763925729443
Lower Manhattan,Morning Sunrise Chai Rg,2023-01,185,0.022426960843738634
Lower Manhattan,Morning Sunrise Chai Rg,2023-02,155,0.019632678910702975
Lower Manhattan,Morning Sunrise Chai Rg,2023-03,206,0.020178274071897345
Lower Manhattan,Morning Sunrise Chai Rg,2023-04,273,0.02228753367621847
Lower Manhattan,Morning Sunrise Chai Rg,2023-05,334,0.020649149922720246
Lower Manhattan,Morning Sunrise Chai Rg,2023-06,356,0.02098437960506926
Lower Manhattan,Oatmeal Scone,2023-01,86,0.010425506121954177
Lower Manhattan,Oatmeal Scone,2023-02,70,0.008866371120962635
Lower Manhattan,Oatmeal Scone,2023-03,93,0.00910960916838084
Lower Manhattan,Oatmeal Scone,2023-04,104,0.008490489019511797
Lower Manhattan,Oatmeal Scone,2023-05,146,0.009026275115919628
Lower Manhattan,Oatmeal Scone,2023-06,147,0.008664898320070735
Lower Manhattan,Organic Decaf Blend,2023-01,11,0.001333494969087162
Lower Manhattan,Organic Decaf Blend,2023-02,8,0.001013299556681444
Lower Manhattan,Organic Decaf Blend,2023-03,10,0.0009795278675678322
Lower Manhattan,Organic Decaf Blend,2023-04,16,0.001306229079924892
Lower Manhattan,Organic Decaf Blend,2023-05,13,0.00080370942812983
Lower Manhattan,Organic Decaf Blend,2023-06,17,0.0010020630710285883
Lower Manhattan,Our Old Time Diner Blend,2023-01,7,0.0008485877076009214
Lower Manhattan,Our Old Time Diner Blend,2023-02,5,0.0006333122229259025
Lower Manhattan,Our Old Time Diner Blend,2023-03,5,0.0004897639337839161
Lower Manhattan,Our Old Time Diner Blend,2023-04,9,0.0007347538574577516
Lower Manhattan,Our Old Time Diner Blend,2023-05,9,0.0005564142194744977
Lower Manhattan,Our Old Time Diner Blend,2023-06,13,0.0007662835249042146
Lower Manhattan,Our Old Time Diner Blend Lg,2023-01,149,0.01806279549036247
Lower Manhattan,Our Old Time Diner Blend Lg,2023-02,106,0.013426219126029133
Lower Manhattan,Our Old Time Diner Blend Lg,2023-03,167,0.0163581153883828
Lower Manhattan,Our Old Time Diner Blend Lg,2023-04,189,0.015429831006612785
Lower Manhattan,Our Old Time Diner Blend Lg,2023-05,260,0.0160741885625966
Lower Manhattan,Our Old Time Diner Blend Lg,2023-06,262,0.015443560271146479
Lower Manhattan,Our Old Time Diner Blend Rg,2023-01,163,0.01975997090556431
Lower Manhattan,Our Old Time Diner Blend Rg,2023-02,156,0.019759341355288156
Lower Manhattan,Our Old Time Diner Blend Rg,2023-03,197,0.019296698991086297
Lower Manhattan,Our Old Time Diner Blend Rg,2023-04,264,0.021552779818760717
Lower Manhattan,Our Old Time Diner Blend Rg,2023-05,335,0.02071097372488408
Lower Manhattan,Our Old Time Diner Blend Rg,2023-06,365,0.0215148835838491
Lower Manhattan,Our Old Time Diner Blend Sm,2023-01,142,0.017214207782761545
Lower Manhattan,Our Old Time Diner Blend Sm,2023-02,155,0.019632678910702975
Lower Manhattan,Our Old Time Diner Blend Sm,2023-03,188,0.018415123910275246
Lower Manhattan,Our Old Time Diner Blend Sm,2023-04,220,0.017960649848967263
Lower Manhattan,Our Old Time Diner Blend Sm,2023-05,311,0.019227202472952086
Lower Manhattan,Our Old Time Diner Blend Sm,2023-06,343,0.020218096080165046
Lower Manhattan,Ouro Brasileiro shot,2023-01,174,0.02109346587465147
Lower Manhattan,Ouro Brasileiro shot,2023-02,154,0.019506016466117795
Lower Manhattan,Ouro Brasileiro shot,2023-03,205,0.020080321285140562
Lower Manhattan,Ouro Brasileiro shot,2023-04,233,0.019021960976406238
Lower Manhattan,Ouro Brasileiro shot,2023-05,303,0.01873261205564142
Lower Manhattan,Ouro Brasileiro shot,2023-06,339,0.019982316534040673
Lower Manhattan,Peppermint,2023-01,6,0.0007273608922293612
Lower Manhattan,Peppermint,2023-02,4,0.000506649778340722
Lower Manhattan,Peppermint,2023-03,5,0.0004897639337839161
Lower Manhattan,Peppermint,2023-04,7,0.0005714752224671402
Lower Manhattan,Peppermint,2023-05,8,0.0004945904173106646
Lower Manhattan,Peppermint,2023-06,7,0.000412614205717654
Lower Manhattan,Peppermint Lg,2023-01,171,0.020729785428536793
Lower Manhattan,Peppermint Lg,2023-02,188,0.023812539582013934
Lower Manhattan,Peppermint Lg,2023-03,223,0.02184347144676266
Lower Manhattan,Peppermint Lg,2023-04,300,0.02449179524859172
Lower Manhattan,Peppermint Lg,2023-05,337,0.020834621329211746
Lower Manhattan,Peppermint Lg,2023-06,363,0.021396993810786913
Lower Manhattan,Peppermint Rg,2023-01,149,0.01806279549036247
Lower Manhattan,Peppermint Rg,2023-02,177,0.02241925269157695
Lower Manhattan,Peppermint Rg,2023-03,209,0.020472132432167695
Lower Manhattan,Peppermint Rg,2023-04,250,0.020409829373826436
Lower Manhattan,Peppermint Rg,2023-05,357,0.02207109737248841
Lower Manhattan,Peppermint Rg,2023-06,353,0.02080754494547598
Lower Manhattan,Primo Espresso Roast,2023-01,4,0.0004849072614862408
Lower Manhattan,Primo Espresso Roast,2023-02,4,0.000506649778340722
Lower Manhattan,Primo Espresso Roast,2023-03,3,0.0002938583602703497
Lower Manhattan,Primo Espresso Roast,2023-04,4,0.000326557269981223
Lower Manhattan,Primo Espresso Roast,2023-05,8,0.0004945904173106646
Lower Manhattan,Primo Espresso Roast,2023-06,8,0.0004715590922487474
Lower Manhattan,Scottish Cream Scone ,2023-01,69,0.008364650260637653
Lower Manhattan,Scottish Cream Scone ,2023-02,59,0.007473084230525649
Lower Manhattan,Scottish Cream Scone ,2023-03,91,0.008913703594867274
Lower Manhattan,Scottish Cream Scone ,2023-04,105,0.008572128337007103
Lower Manhattan,Scottish Cream Scone ,2023-05,133,0.008222565687789798
Lower Manhattan,Scottish Cream Scone ,2023-06,144,0.008488063660477453
Lower Manhattan,Serenity Green Tea,2023-01,8,0.0009698145229724816
Lower Manhattan,Serenity Green Tea,2023-02,9,0.0011399620012666244
Lower Manhattan,Serenity Green Tea,2023-03,13,0.001273386227838182
Lower Manhattan,Serenity Green Tea,2023-04,9,0.0007347538574577516
Lower Manhattan,Serenity Green Tea,2023-05,15,0.0009273570324574962
Lower Manhattan,Serenity Green Tea,2023-06,19,0.0011199528440907752
Lower Manhattan,Serenity Green Tea Lg,2023-01,164,0.01988119772093587
Lower Manhattan,Serenity Green Tea Lg,2023-02,146,0.018492716909436352
Lower Manhattan,Serenity Green Tea Lg,2023-03,173,0.0169458321089235
Lower Manhattan,Serenity Green Tea Lg,2023-04,213,0.017389174626500123
Lower Manhattan,Serenity Green Tea Lg,2023-05,319,0.01972179289026275
Lower Manhattan,Serenity Green Tea Lg,2023-06,312,0.01839080459770115
Lower Manhattan,Serenity Green Tea Rg,2023-01,165,0.02000242453630743
Lower Manhattan,Serenity Green Tea Rg,2023-02,171,0.021659278024065864
Lower Manhattan,Serenity Green Tea Rg,2023-03,225,0.022039377020276227
Lower Manhattan,Serenity Green Tea Rg,2023-04,241,0.019675075516368684
Lower Manhattan,Serenity Green Tea Rg,2023-05,329,0.02034003091190108
Lower Manhattan,Serenity Green Tea Rg,2023-06,335,0.0197465369879163
Lower Manhattan,Spicy Eye Opener Chai,2023-01,3,0.0003636804461146806
Lower Manhattan,Spicy Eye Opener Chai,2023-02,8,0.001013299556681444
Lower Manhattan,Spicy Eye Opener Chai,2023-03,8,0.0007836222940542658
Lower Manhattan,Spicy Eye Opener Chai,2023-04,7,0.0005714752224671402
Lower Manhattan,Spicy Eye Opener Chai,2023-05,9,0.0005564142194744977
Lower Manhattan,Spicy Eye Opener Chai,2023-06,15,0.0008841732979664014
Lower Manhattan,Spicy Eye Opener Chai Lg,2023-01,147,0.017820341859619348
Lower Manhattan,Spicy Eye Opener Chai Lg,2023-02,133,0.016846105129829005
Lower Manhattan,Spicy Eye Opener Chai Lg,2023-03,203,0.019884415711626996
Lower Manhattan,Spicy Eye Opener Chai Lg,2023-04,242,0.01975671483386399
Lower Manhattan,Spicy Eye Opener Chai Lg,2023-05,324,0.020030911901081916
Lower Manhattan,Spicy Eye Opener Chai Lg,2023-06,316,0.018626584143825523
Lower Manhattan,Spicy Eye Opener Chai Rg,2023-01,154,0.018668929567220268
Lower Manhattan,Spicy Eye Opener Chai Rg,2023-02,141,0.017859404686510448
Lower Manhattan,Spicy Eye Opener Chai Rg,2023-03,176,0.01723969046919385
Lower Manhattan,Spicy Eye Opener Chai Rg,2023-04,216,0.01763409257898604
Lower Manhattan,Spicy Eye Opener Chai Rg,2023-05,292,0.018052550231839257
Lower Manhattan,Spicy Eye Opener Chai Rg,2023-06,296,0.017447686413203656
Lower Manhattan,Sugar Free Vanilla syrup,2023-01,160,0.01939629045944963
Lower Manhattan,Sugar Free Vanilla syrup,2023-02,165,0.02089930335655478
Lower Manhattan,Sugar Free Vanilla syrup,2023-03,194,0.019002840630815948
Lower Manhattan,Sugar Free Vanilla syrup,2023-04,233,0.019021960976406238
Lower Manhattan,Sugar Free Vanilla syrup,2023-05,334,0.020649149922720246
Lower Manhattan,Sugar Free Vanilla syrup,2023-06,355,0.020925434718538166
Lower Manhattan,Sustainably Grown Organic,2023-01,9,0.0010910413383440416
Lower Manhattan,Sustainably Grown Organic,2023-02,12,0.0015199493350221659
Lower Manhattan,Sustainably Grown Organic,2023-03,12,0.0011754334410813989
Lower Manhattan,Sustainably Grown Organic,2023-04,15,0.0012245897624295861
Lower Manhattan,Sustainably Grown Organic,2023-05,21,0.0012982998454404947
Lower Manhattan,Sustainably Grown Organic,2023-06,20,0.0011788977306218685
Lower Manhattan,Sustainably Grown Organic Lg,2023-01,145,0.017577888228876227
Lower Manhattan,Sustainably Grown Organic Lg,2023-02,136,0.017226092463584548
Lower Manhattan,Sustainably Grown Organic Lg,2023-03,213,0.020863943579194827
Lower Manhattan,Sustainably Grown Organic Lg,2023-04,212,0.017307535309004817
Lower Manhattan,Sustainably Grown Organic Lg,2023-05,311,0.019227202472952086
Lower Manhattan,Sustainably Grown Organic Lg,2023-06,312,0.01839080459770115
Lower Manhattan,Sustainably Grown Organic Rg,2023-01,158,0.01915383682870651
Lower Manhattan,Sustainably Grown Organic Rg,2023-02,151,0.019126029132362256
Lower Manhattan,Sustainably Grown Organic Rg,2023-03,241,0.023606621608384757
Lower Manhattan,Sustainably Grown Organic Rg,2023-04,217,0.017715731896481346
Lower Manhattan,Sustainably Grown Organic Rg,2023-05,335,0.02071097372488408
Lower Manhattan,Sustainably Grown Organic Rg,2023-06,311,0.018331859711170056
Lower Manhattan,Traditional Blend Chai,2023-01,5,0.000606134076857801
Lower Manhattan,Traditional Blend Chai,2023-02,5,0.0006333122229259025
Lower Manhattan,Traditional Blend Chai,2023-03,4,0.0003918111470271329
Lower Manhattan,Traditional Blend Chai,2023-04,6,0.0004898359049718344
Lower Manhattan,Traditional Blend Chai,2023-05,11,0.0006800618238021638
Lower Manhattan,Traditional Blend Chai,2023-06,13,0.0007662835249042146
Lower Manhattan,Traditional Blend Chai Lg,2023-01,142,0.017214207782761545
Lower Manhattan,Traditional Blend Chai Lg,2023-02,142,0.01798606713109563
Lower Manhattan,Traditional Blend Chai Lg,2023-03,188,0.018415123910275246
Lower Manhattan,Traditional Blend Chai Lg,2023-04,210,0.017144256674014206
Lower Manhattan,Traditional Blend Chai Lg,2023-05,276,0.01706336939721793
Lower Manhattan,Traditional Blend Chai Lg,2023-06,281,0.016563513115237252
Lower Manhattan,Traditional Blend Chai Rg,2023-01,151,0.01830524912110559
Lower Manhattan,Traditional Blend Chai Rg,2023-02,160,0.02026599113362888
Lower Manhattan,Traditional Blend Chai Rg,2023-03,206,0.020178274071897345
Lower Manhattan,Traditional Blend Chai Rg,2023-04,254,0.02073638664380766
Lower Manhattan,Traditional Blend Chai Rg,2023-05,323,0.019969088098918085
Lower Manhattan,Traditional Blend Chai Rg,2023-06,351,0.020689655172413793
