store_location,ts,forecast_orders,baseline_orders,delta_orders,suggestion
Astoria,2023-06-04 18:00:00,31.797768240775408,17.465554163876867,14.332214076898541,hold
Astoria,2023-06-04 19:00:00,32.72153201282544,18.719190458474014,14.002341554351428,+1 barista
Astoria,2023-06-05 11:00:00,30.634657977638625,16.291937207232728,14.342720770405897,+1 barista
Astoria,2023-06-05 12:00:00,29.463268883973175,15.897175139997882,13.566093743975292,+1 barista
Astoria,2023-06-05 13:00:00,35.55475856799025,16.697368519527977,18.85739004846227,+1 barista
Astoria,2023-06-05 14:00:00,34.82337823750943,15.993198345541494,18.830179891967937,+1 barista
Astoria,2023-06-05 15:00:00,35.56206335331638,16.852072572903793,18.70999078041259,+1 barista
Astoria,2023-06-05 16:00:00,27.192435173437897,16.95343040097761,10.239004772460287,hold
Astoria,2023-06-05 17:00:00,35.72379723708434,17.849646986051315,17.874150251033026,hold
Astoria,2023-06-05 18:00:00,32.74776749805341,17.465554163876867,15.282213334176546,+1 barista
Astoria,2023-06-05 19:00:00,36.791484311139556,18.719190458474014,18.072293852665542,+1 barista
Astoria,2023-06-06 11:00:00,35.280392780063,16.291937207232728,18.988455572830276,+1 barista
Astoria,2023-06-06 12:00:00,24.41076008724585,15.897175139997882,8.513584947247969,hold
Astoria,2023-06-06 13:00:00,34.87430867325068,16.697368519527977,18.176940153722704,hold
Astoria,2023-06-06 14:00:00,23.71313790779328,15.993198345541494,7.719939562251785,hold
Astoria,2023-06-06 15:00:00,26.122043608669934,16.852072572903793,9.26997103576614,hold
Astoria,2023-06-06 16:00:00,30.896099359474704,16.95343040097761,13.942668958497094,hold
Astoria,2023-06-06 17:00:00,29.458273361924956,17.849646986051315,11.60862637587364,+1 barista
Astoria,2023-06-06 18:00:00,30.944918240138232,17.465554163876867,13.479364076261366,+1 barista
Astoria,2023-06-06 19:00:00,32.78142551710705,18.719190458474014,14.06223505863304,+1 barista
Astoria,2023-06-07 07:00:00,31.526075730674968,26.51307397509714,5.013001755577829,hold
Astoria,2023-06-07 08:00:00,27.751114884335415,29.073692789593444,-1.3225779052580293,hold
Astoria,2023-06-07 09:00:00,24.525262593074196,28.35885337054656,-3.833590777472363,hold
Astoria,2023-06-07 10:00:00,21.22186959313767,31.388918967700516,-10.167049374562847,hold
Astoria,2023-06-07 11:00:00,26.497180965814866,16.291937207232728,10.205243758582139,hold
Astoria,2023-06-07 12:00:00,22.657706090737868,15.897175139997882,6.760530950739986,hold
Astoria,2023-06-07 13:00:00,26.433635635636062,16.697368519527977,9.736267116108085,hold
Astoria,2023-06-07 14:00:00,25.012727881280956,15.993198345541494,9.019529535739462,hold
Astoria,2023-06-07 15:00:00,22.689676293499527,16.852072572903793,5.837603720595734,hold
Astoria,2023-06-07 16:00:00,20.810831337149548,16.95343040097761,3.8574009361719384,hold
Astoria,2023-06-07 17:00:00,28.477427020218226,17.849646986051315,10.62778003416691,hold
Astoria,2023-06-07 18:00:00,19.901564221414333,17.465554163876867,2.436010057537466,hold
Astoria,2023-06-07 19:00:00,31.590890868471075,18.719190458474014,12.87170040999706,hold
Astoria,2023-06-08 07:00:00,27.90939955642792,26.51307397509714,1.3963255813307818,hold
Astoria,2023-06-08 08:00:00,25.071078803687637,29.073692789593444,-4.002613985905807,hold
Astoria,2023-06-08 09:00:00,35.61096646121185,28.35885337054656,7.2521130906652935,hold
Astoria,2023-06-08 10:00:00,24.519145107953374,31.388918967700516,-6.869773859747141,hold
Astoria,2023-06-08 11:00:00,28.07450306693925,16.291937207232728,11.782565859706523,hold
Astoria,2023-06-08 12:00:00,22.769233082016687,15.897175139997882,6.872057942018804,hold
Astoria,2023-06-08 13:00:00,32.400421566999334,16.697368519527977,15.703053047471357,hold
Astoria,2023-06-08 14:00:00,23.611151214850462,15.993198345541494,7.617952869308969,hold
Astoria,2023-06-08 15:00:00,25.677358790481247,16.852072572903793,8.825286217577453,hold
Astoria,2023-06-08 16:00:00,30.161162051505308,16.95343040097761,13.207731650527698,hold
Astoria,2023-06-08 17:00:00,29.957337072492454,17.849646986051315,12.107690086441139,+1 barista
Astoria,2023-06-08 18:00:00,19.651210290949585,17.465554163876867,2.1856561270727184,hold
Astoria,2023-06-08 19:00:00,30.25086734532982,18.719190458474014,11.531676886855806,hold
Astoria,2023-06-09 07:00:00,35.53163727243664,26.51307397509714,9.018563297339501,hold
Astoria,2023-06-09 08:00:00,30.073624499698774,29.073692789593444,0.9999317101053293,hold
Astoria,2023-06-09 09:00:00,39.60167890145071,28.35885337054656,11.242825530904152,hold
Astoria,2023-06-09 10:00:00,34.59360240546382,31.388918967700516,3.204683437763304,hold
Astoria,2023-06-09 11:00:00,24.080187199767476,16.291937207232728,7.788249992534748,hold
Astoria,2023-06-09 12:00:00,12.560725789616043,15.897175139997882,-3.336449350381839,hold
Astoria,2023-06-09 13:00:00,18.022646700627842,16.697368519527977,1.3252781810998648,hold
Astoria,2023-06-09 14:00:00,13.273764936635144,15.993198345541494,-2.719433408906349,hold
Astoria,2023-06-09 15:00:00,12.49328992088304,16.852072572903793,-4.3587826520207535,hold
Astoria,2023-06-09 16:00:00,23.828989741992668,16.95343040097761,6.875559341015059,hold
Astoria,2023-06-09 17:00:00,14.50008269006815,17.849646986051315,-3.349564295983166,hold
Astoria,2023-06-09 18:00:00,12.75447186259237,17.465554163876867,-4.711082301284497,hold
Astoria,2023-06-09 19:00:00,38.12262961701888,18.719190458474014,19.403439158544867,hold
Astoria,2023-06-10 07:00:00,23.83284542701257,26.51307397509714,-2.680228548084571,hold
Astoria,2023-06-10 08:00:00,40.12331774371992,29.073692789593444,11.049624954126479,hold
Astoria,2023-06-10 09:00:00,31.26065800641386,28.35885337054656,2.9018046358673004,hold
Astoria,2023-06-10 10:00:00,28.96921733385497,31.388918967700516,-2.419701633845545,hold
Astoria,2023-06-10 11:00:00,32.16584029272586,16.291937207232728,15.873903085493133,hold
Astoria,2023-06-10 12:00:00,26.385686182334606,15.897175139997882,10.488511042336723,hold
Astoria,2023-06-10 13:00:00,26.487287203001966,16.697368519527977,9.789918683473989,hold
Astoria,2023-06-10 14:00:00,22.369446241017684,15.993198345541494,6.37624789547619,hold
Astoria,2023-06-10 15:00:00,19.002367934864232,16.852072572903793,2.1502953619604384,hold
Astoria,2023-06-10 16:00:00,26.922903113925763,16.95343040097761,9.969472712948154,hold
Astoria,2023-06-10 17:00:00,27.48881135738305,17.849646986051315,9.639164371331734,hold
Astoria,2023-06-10 18:00:00,18.854765852910838,17.465554163876867,1.3892116890339707,hold
Astoria,2023-06-10 19:00:00,34.41961210878543,18.719190458474014,15.700421650311416,hold
Astoria,2023-06-11 07:00:00,29.432152438696214,26.51307397509714,2.9190784635990745,hold
Astoria,2023-06-11 08:00:00,38.71550848022582,29.073692789593444,9.641815690632377,hold
Astoria,2023-06-11 09:00:00,44.30233642227878,28.35885337054656,15.943483051732219,hold
Astoria,2023-06-11 10:00:00,25.129949124823906,31.388918967700516,-6.25896984287661,hold
Astoria,2023-06-11 11:00:00,13.176201454710485,16.291937207232728,-3.1157357525222427,hold
Astoria,2023-06-11 12:00:00,11.518441897708529,15.897175139997882,-4.3787332422893535,hold
Astoria,2023-06-11 13:00:00,15.664262177321731,16.697368519527977,-1.0331063422062456,hold
Astoria,2023-06-11 14:00:00,18.365921382006288,15.993198345541494,2.3727230364647944,hold
Astoria,2023-06-11 15:00:00,13.602927619876997,16.852072572903793,-3.2491449530267964,hold
Astoria,2023-06-11 16:00:00,13.561585824083338,16.95343040097761,-3.3918445768942718,hold
Astoria,2023-06-11 17:00:00,12.606743995055357,17.849646986051315,-5.242902990995958,hold
Astoria,2023-06-11 18:00:00,19.372673633802492,17.465554163876867,1.9071194699256253,hold
Astoria,2023-06-11 19:00:00,34.995953660444776,18.719190458474014,16.276763201970763,hold
Astoria,2023-06-12 07:00:00,35.812664663961634,26.51307397509714,9.299590688864495,hold
Astoria,2023-06-12 08:00:00,39.91062970983015,29.073692789593444,10.836936920236703,hold
Astoria,2023-06-12 09:00:00,33.13489180316531,28.35885337054656,4.776038432618751,hold
Astoria,2023-06-12 10:00:00,9.657249043517256,31.388918967700516,-21.731669924183258,hold
Astoria,2023-06-12 11:00:00,17.155520526856222,16.291937207232728,0.8635833196234941,hold
Astoria,2023-06-12 12:00:00,12.594558111560504,15.897175139997882,-3.3026170284373784,hold
Astoria,2023-06-12 13:00:00,10.331453275268208,16.697368519527977,-6.365915244259769,hold
Astoria,2023-06-12 14:00:00,14.606470031829167,15.993198345541494,-1.386728313712327,hold
Astoria,2023-06-12 15:00:00,11.955738312880056,16.852072572903793,-4.896334260023737,hold
Astoria,2023-06-12 16:00:00,13.168330502324764,16.95343040097761,-3.7850998986528452,hold
Astoria,2023-06-12 17:00:00,19.29005475631701,17.849646986051315,1.4404077702656934,hold
Astoria,2023-06-12 18:00:00,18.45515862924689,17.465554163876867,0.9896044653700216,hold
Astoria,2023-06-12 19:00:00,36.53742062785693,18.719190458474014,17.818230169382918,hold
Astoria,2023-06-13 07:00:00,37.07639710438924,26.51307397509714,10.563323129292097,hold
Astoria,2023-06-13 08:00:00,38.92897267606384,29.073692789593444,9.855279886470399,hold
Astoria,2023-06-13 09:00:00,42.05440230647718,28.35885337054656,13.69554893593062,hold
Astoria,2023-06-13 10:00:00,14.946914489666666,31.388918967700516,-16.44200447803385,hold
Astoria,2023-06-13 11:00:00,13.555138834075008,16.291937207232728,-2.73679837315772,hold
Astoria,2023-06-13 12:00:00,14.665558678650994,15.897175139997882,-1.2316164613468885,hold
Astoria,2023-06-13 13:00:00,12.725491117750577,16.697368519527977,-3.9718774017774,hold
Astoria,2023-06-13 14:00:00,13.148434195536964,15.993198345541494,-2.8447641500045293,hold
Astoria,2023-06-13 15:00:00,15.009383809889137,16.852072572903793,-1.8426887630146567,hold
Astoria,2023-06-13 16:00:00,14.206315326934101,16.95343040097761,-2.747115074043508,hold
Astoria,2023-06-13 17:00:00,15.824140957047746,17.849646986051315,-2.0255060290035694,hold
Astoria,2023-06-13 18:00:00,21.71665776524464,17.465554163876867,4.251103601367774,hold
Astoria,2023-06-13 19:00:00,24.306138767574797,18.719190458474014,5.586948309100784,hold
Astoria,2023-06-14 08:00:00,41.244169652435374,29.073692789593444,12.17047686284193,hold
Astoria,2023-06-14 09:00:00,43.46535755352895,28.35885337054656,15.106504182982395,+1 barista
Astoria,2023-06-14 10:00:00,14.572276553453479,31.388918967700516,-16.816642414247035,hold
Astoria,2023-06-14 11:00:00,13.912572992400504,16.291937207232728,-2.379364214832224,hold
Astoria,2023-06-14 12:00:00,12.003006880038537,15.897175139997882,-3.8941682599593452,hold
Astoria,2023-06-14 13:00:00,11.904454644749126,16.697368519527977,-4.792913874778851,hold
Astoria,2023-06-14 14:00:00,17.338617775835697,15.993198345541494,1.3454194302942035,hold
Astoria,2023-06-14 15:00:00,13.08235345995613,16.852072572903793,-3.769719112947664,hold
Astoria,2023-06-14 16:00:00,19.09906392205664,16.95343040097761,2.1456335210790307,hold
Astoria,2023-06-14 17:00:00,12.808414281245843,17.849646986051315,-5.041232704805472,hold
Astoria,2023-06-14 18:00:00,19.725417757105514,17.465554163876867,2.2598635932286477,hold
Astoria,2023-06-14 19:00:00,34.96764913572322,18.719190458474014,16.248458677249207,hold
Astoria,2023-06-15 07:00:00,29.409544496142086,26.51307397509714,2.8964705210449466,hold
Astoria,2023-06-15 08:00:00,38.397827277117756,29.073692789593444,9.324134487524312,hold
Astoria,2023-06-15 09:00:00,36.02475348699858,28.35885337054656,7.665900116452018,hold
Astoria,2023-06-15 10:00:00,16.117756356481117,31.388918967700516,-15.271162611219399,hold
Astoria,2023-06-15 11:00:00,15.82484733928648,16.291937207232728,-0.46708986794624785,hold
Astoria,2023-06-15 12:00:00,14.757122655380373,15.897175139997882,-1.1400524846175095,hold
Astoria,2023-06-15 13:00:00,15.93192297426802,16.697368519527977,-0.7654455452599578,hold
Astoria,2023-06-15 14:00:00,14.921785859763514,15.993198345541494,-1.07141248577798,hold
Astoria,2023-06-15 15:00:00,14.405161803558615,16.852072572903793,-2.4469107693451786,hold
Astoria,2023-06-15 16:00:00,17.40182769268574,16.95343040097761,0.4483972917081296,hold
Astoria,2023-06-15 17:00:00,14.627411356968697,17.849646986051315,-3.2222356290826184,hold
Astoria,2023-06-15 18:00:00,14.25276700506404,17.465554163876867,-3.2127871588128265,hold
Astoria,2023-06-15 19:00:00,37.18839240968,18.719190458474014,18.469201951205985,hold
Astoria,2023-06-16 07:00:00,34.72715940860698,26.51307397509714,8.21408543350984,hold
Astoria,2023-06-16 08:00:00,37.334468682091,29.073692789593444,8.260775892497556,hold
Astoria,2023-06-16 09:00:00,41.626124486308605,28.35885337054656,13.267271115762046,hold
Astoria,2023-06-16 10:00:00,19.604983246263675,31.388918967700516,-11.78393572143684,hold
Astoria,2023-06-16 11:00:00,21.761051726096504,16.291937207232728,5.469114518863776,hold
Astoria,2023-06-16 12:00:00,17.699924831510096,15.897175139997882,1.8027496915122132,hold
Astoria,2023-06-16 13:00:00,18.98068025799847,16.697368519527977,2.2833117384704913,hold
Astoria,2023-06-16 14:00:00,22.817067457227083,15.993198345541494,6.823869111685589,hold
Astoria,2023-06-16 15:00:00,18.839915105171563,16.852072572903793,1.98784253226777,hold
Astoria,2023-06-16 16:00:00,20.301834453724712,16.95343040097761,3.348404052747103,hold
Astoria,2023-06-16 17:00:00,19.933159262219842,17.849646986051315,2.083512276168527,hold
Astoria,2023-06-16 18:00:00,21.21973398488477,17.465554163876867,3.7541798210079023,hold
Astoria,2023-06-16 19:00:00,35.54846178962407,18.719190458474014,16.829271331150057,hold
Astoria,2023-06-17 07:00:00,33.75158727736495,26.51307397509714,7.238513302267808,hold
Astoria,2023-06-17 08:00:00,37.18348895309346,29.073692789593444,8.109796163500015,hold
Astoria,2023-06-17 09:00:00,39.5913797633704,28.35885337054656,11.23252639282384,hold
Astoria,2023-06-17 10:00:00,21.153615545459537,31.388918967700516,-10.235303422240978,hold
Astoria,2023-06-17 11:00:00,18.7786063281593,16.291937207232728,2.486669120926571,hold
Astoria,2023-06-17 12:00:00,18.570936089437616,15.897175139997882,2.6737609494397336,hold
Astoria,2023-06-17 13:00:00,16.6008076209658,16.697368519527977,-0.09656089856217775,hold
Astoria,2023-06-17 14:00:00,15.904548769200735,15.993198345541494,-0.08864957634075843,hold
Astoria,2023-06-17 15:00:00,17.57712383739864,16.852072572903793,0.7250512644948479,hold
Astoria,2023-06-17 16:00:00,22.839512073583638,16.95343040097761,5.8860816726060285,hold
Astoria,2023-06-17 17:00:00,35.57027316279853,17.849646986051315,17.720626176747214,hold
Astoria,2023-06-17 18:00:00,35.27059457237778,17.465554163876867,17.805040408500915,+1 barista
Astoria,2023-06-17 19:00:00,28.390765440404014,18.719190458474014,9.67157498193,hold
Astoria,2023-06-18 07:00:00,30.969962044168252,26.51307397509714,4.456888069071113,hold
Astoria,2023-06-18 08:00:00,35.84571491433331,29.073692789593444,6.772022124739863,hold
Astoria,2023-06-18 09:00:00,43.05236296500183,28.35885337054656,14.693509594455268,hold
Astoria,2023-06-18 10:00:00,19.412985043989053,31.388918967700516,-11.975933923711462,hold
Astoria,2023-06-18 11:00:00,33.99019836833044,16.291937207232728,17.69826116109771,hold
Astoria,2023-06-18 12:00:00,16.724058346423448,15.897175139997882,0.8268832064255651,hold
Astoria,2023-06-18 13:00:00,15.130781652966906,16.697368519527977,-1.566586866561071,hold
Astoria,2023-06-18 14:00:00,16.549486557569516,15.993198345541494,0.5562882120280221,hold
Astoria,2023-06-18 15:00:00,14.33252798774807,16.852072572903793,-2.5195445851557228,hold
Astoria,2023-06-18 16:00:00,17.02647457049563,16.95343040097761,0.0730441695180204,hold
Astoria,2023-06-18 17:00:00,30.230991448557123,17.849646986051315,12.381344462505808,hold
Astoria,2023-06-18 18:00:00,36.68916679985517,17.465554163876867,19.223612635978306,+1 barista
Astoria,2023-06-18 19:00:00,38.43179703564151,18.719190458474014,19.712606577167495,+1 barista
Astoria,2023-06-19 07:00:00,27.04722335514581,26.51307397509714,0.534149380048671,hold
Astoria,2023-06-19 08:00:00,39.21961195602157,29.073692789593444,10.14591916642813,hold
Astoria,2023-06-19 09:00:00,43.63276940711724,28.35885337054656,15.273916036570679,hold
Astoria,2023-06-19 10:00:00,22.30983716578475,31.388918967700516,-9.079081801915766,hold
Astoria,2023-06-19 11:00:00,14.958342467777175,16.291937207232728,-1.3335947394555525,hold
Astoria,2023-06-19 12:00:00,19.085954821543957,15.897175139997882,3.188779681546075,hold
Astoria,2023-06-19 13:00:00,15.987496523873528,16.697368519527977,-0.7098719956544493,hold
Astoria,2023-06-19 14:00:00,14.238629349350653,15.993198345541494,-1.7545689961908408,hold
Astoria,2023-06-19 15:00:00,28.6444983835126,16.852072572903793,11.792425810608808,hold
Astoria,2023-06-19 16:00:00,15.25991094952558,16.95343040097761,-1.6935194514520298,hold
Astoria,2023-06-19 17:00:00,17.58381668531333,17.849646986051315,-0.26583030073798497,hold
Astoria,2023-06-19 18:00:00,18.768684856678096,17.465554163876867,1.3031306928012292,hold
Astoria,2023-06-19 19:00:00,35.15544625315055,18.719190458474014,16.436255794676537,hold
Astoria,2023-06-20 07:00:00,35.8182973180612,26.51307397509714,9.305223342964059,hold
Astoria,2023-06-20 08:00:00,35.57877091969832,29.073692789593444,6.505078130104877,hold
Astoria,2023-06-20 09:00:00,41.429341208957766,28.35885337054656,13.070487838411207,hold
Astoria,2023-06-20 10:00:00,18.501866539317675,31.388918967700516,-12.887052428382841,hold
Astoria,2023-06-20 11:00:00,14.462808929706117,16.291937207232728,-1.8291282775266104,hold
Astoria,2023-06-20 12:00:00,14.854195930573802,15.897175139997882,-1.0429792094240806,hold
Astoria,2023-06-20 13:00:00,13.531893061882782,16.697368519527977,-3.1654754576451953,hold
Astoria,2023-06-20 14:00:00,18.780843538632805,15.993198345541494,2.7876451930913113,hold
Astoria,2023-06-20 15:00:00,23.576538573581878,16.852072572903793,6.724466000678085,hold
Astoria,2023-06-20 16:00:00,13.668123899180284,16.95343040097761,-3.2853065017973258,hold
Astoria,2023-06-20 17:00:00,19.208395014218095,17.849646986051315,1.3587480281667794,hold
Astoria,2023-06-20 18:00:00,21.954809997219765,17.465554163876867,4.489255833342899,hold
Astoria,2023-06-20 19:00:00,38.66766312705916,18.719190458474014,19.948472668585143,hold
Astoria,2023-06-21 08:00:00,35.784911525151195,29.073692789593444,6.71121873555775,hold
Astoria,2023-06-21 09:00:00,40.326630511000786,28.35885337054656,11.967777140454228,hold
Astoria,2023-06-21 10:00:00,22.827170613193335,31.388918967700516,-8.56174835450718,hold
Astoria,2023-06-21 11:00:00,19.405900143427054,16.291937207232728,3.1139629361943264,hold
Astoria,2023-06-21 12:00:00,14.426481669471364,15.897175139997882,-1.470693470526518,hold
Astoria,2023-06-21 13:00:00,27.338667546198412,16.697368519527977,10.641299026670435,hold
Astoria,2023-06-21 14:00:00,17.064703097787252,15.993198345541494,1.0715047522457581,hold
Astoria,2023-06-21 15:00:00,12.681121468589643,16.852072572903793,-4.170951104314151,hold
Astoria,2023-06-21 16:00:00,23.96127453873714,16.95343040097761,7.00784413775953,hold
Astoria,2023-06-21 17:00:00,31.55951265658292,17.849646986051315,13.709865670531606,hold
Astoria,2023-06-21 18:00:00,18.943593470708418,17.465554163876867,1.4780393068315512,hold
Astoria,2023-06-21 19:00:00,31.32975049888172,18.719190458474014,12.610560040407705,hold
Astoria,2023-06-22 07:00:00,27.332499119707673,26.51307397509714,0.8194251446105341,hold
Astoria,2023-06-22 08:00:00,33.472430838949634,29.073692789593444,4.39873804935619,hold
Astoria,2023-06-22 09:00:00,36.760810149213704,28.35885337054656,8.401956778667145,hold
Astoria,2023-06-22 10:00:00,17.026179182833687,31.388918967700516,-14.362739784866829,hold
Astoria,2023-06-22 11:00:00,17.75331677174727,16.291937207232728,1.4613795645145409,hold
Astoria,2023-06-22 12:00:00,19.683174964086877,15.897175139997882,3.7859998240889947,hold
Astoria,2023-06-22 13:00:00,21.72201882830778,16.697368519527977,5.024650308779805,hold
Astoria,2023-06-22 14:00:00,17.069026469563273,15.993198345541494,1.075828124021779,hold
Astoria,2023-06-22 15:00:00,24.066140830581976,16.852072572903793,7.214068257678182,hold
Astoria,2023-06-22 16:00:00,23.312999059941458,16.95343040097761,6.359568658963848,hold
Astoria,2023-06-22 17:00:00,15.971060402160418,17.849646986051315,-1.8785865838908968,hold
Astoria,2023-06-22 18:00:00,21.030014513979822,17.465554163876867,3.564460350102955,hold
Astoria,2023-06-22 19:00:00,31.737611769698603,18.719190458474014,13.01842131122459,hold
Astoria,2023-06-23 07:00:00,23.332593992770704,26.51307397509714,-3.1804799823264354,hold
Astoria,2023-06-23 08:00:00,37.16924482714961,29.073692789593444,8.095552037556168,hold
Astoria,2023-06-23 09:00:00,27.71844598642552,28.35885337054656,-0.6404073841210369,hold
Astoria,2023-06-23 10:00:00,17.196729234735344,31.388918967700516,-14.192189732965172,hold
Astoria,2023-06-23 11:00:00,25.179318307001957,16.291937207232728,8.887381099769229,hold
Astoria,2023-06-23 12:00:00,22.1179422991683,15.897175139997882,6.220767159170416,hold
Astoria,2023-06-23 13:00:00,22.50273456932715,16.697368519527977,5.805366049799172,hold
Astoria,2023-06-23 14:00:00,20.779627042558193,15.993198345541494,4.786428697016699,hold
Astoria,2023-06-23 15:00:00,19.086604554946014,16.852072572903793,2.2345319820422205,hold
Astoria,2023-06-23 16:00:00,20.84734013532889,16.95343040097761,3.893909734351279,hold
Astoria,2023-06-23 17:00:00,19.99158817812916,17.849646986051315,2.1419411920778444,hold
Astoria,2023-06-23 18:00:00,29.965721153256794,17.465554163876867,12.500166989379927,hold
Astoria,2023-06-23 19:00:00,36.05420107184956,18.719190458474014,17.335010613375548,+1 barista
Astoria,2023-06-24 07:00:00,37.218435479414964,26.51307397509714,10.705361504317825,hold
Astoria,2023-06-24 08:00:00,34.1313559418576,29.073692789593444,5.057663152264155,hold
Astoria,2023-06-24 09:00:00,25.0605310805377,28.35885337054656,-3.2983222900088585,hold
Astoria,2023-06-24 10:00:00,22.588718577716914,31.388918967700516,-8.800200389983601,hold
Astoria,2023-06-24 11:00:00,36.4641366792461,16.291937207232728,20.172199472013375,hold
Astoria,2023-06-24 12:00:00,29.68885051939782,15.897175139997882,13.791675379399939,+1 barista
Astoria,2023-06-24 13:00:00,30.399564430809324,16.697368519527977,13.702195911281347,+1 barista
Astoria,2023-06-24 14:00:00,30.647100712239126,15.993198345541494,14.653902366697633,+1 barista
Astoria,2023-06-24 15:00:00,20.9509522757811,16.852072572903793,4.098879702877305,hold
Astoria,2023-06-24 16:00:00,28.07103190053957,16.95343040097761,11.11760149956196,hold
Astoria,2023-06-24 17:00:00,19.3648883717118,17.849646986051315,1.5152413856604845,hold
Astoria,2023-06-24 18:00:00,21.608688610401217,17.465554163876867,4.14313444652435,hold
Astoria,2023-06-24 19:00:00,25.239593622331675,18.719190458474014,6.520403163857662,hold
Astoria,2023-06-25 07:00:00,28.003068887916026,26.51307397509714,1.4899949128188865,hold
Astoria,2023-06-25 08:00:00,30.351323049959817,29.073692789593444,1.2776302603663723,hold
Astoria,2023-06-25 09:00:00,37.537875356274704,28.35885337054656,9.179021985728145,hold
Astoria,2023-06-25 10:00:00,21.736086998974002,31.388918967700516,-9.652831968726513,hold
Astoria,2023-06-25 11:00:00,27.39671607420703,16.291937207232728,11.104778866974303,hold
Astoria,2023-06-25 12:00:00,18.63057149528639,15.897175139997882,2.733396355288507,hold
Astoria,2023-06-25 13:00:00,20.645237919771635,16.697368519527977,3.9478694002436576,hold
Astoria,2023-06-25 14:00:00,29.639005356804873,15.993198345541494,13.64580701126338,hold
Astoria,2023-06-25 15:00:00,20.750133270437296,16.852072572903793,3.898060697533502,hold
Astoria,2023-06-25 16:00:00,17.347944440798177,16.95343040097761,0.3945140398205673,hold
Astoria,2023-06-25 17:00:00,30.016962024300707,17.849646986051315,12.167315038249392,hold
Astoria,2023-06-25 18:00:00,21.15751623895428,17.465554163876867,3.691962075077413,hold
Astoria,2023-06-25 19:00:00,25.592309680527723,18.719190458474014,6.87311922205371,hold
Astoria,2023-06-26 07:00:00,38.929525116669446,26.51307397509714,12.416451141572306,hold
Astoria,2023-06-26 08:00:00,30.64585561690198,29.073692789593444,1.572162827308535,hold
Astoria,2023-06-26 09:00:00,33.417044146380015,28.35885337054656,5.058190775833456,hold
Astoria,2023-06-26 10:00:00,33.52941111999113,31.388918967700516,2.1404921522906157,hold
Astoria,2023-06-26 11:00:00,24.5386188746833,16.291937207232728,8.246681667450574,hold
Astoria,2023-06-26 12:00:00,21.83130788790197,15.897175139997882,5.934132747904089,hold
Astoria,2023-06-26 13:00:00,22.83534791502401,16.697368519527977,6.137979395496032,hold
Astoria,2023-06-26 14:00:00,21.445492682142984,15.993198345541494,5.45229433660149,hold
Astoria,2023-06-26 15:00:00,22.11156075551885,16.852072572903793,5.259488182615055,hold
Astoria,2023-06-26 16:00:00,22.448385497641638,16.95343040097761,5.494955096664029,hold
Astoria,2023-06-26 17:00:00,25.147762271510114,17.849646986051315,7.298115285458799,hold
Astoria,2023-06-26 18:00:00,26.36719354757641,17.465554163876867,8.901639383699543,hold
Astoria,2023-06-26 19:00:00,27.44341355821845,18.719190458474014,8.724223099744435,hold
Astoria,2023-06-27 07:00:00,34.46276660214343,26.51307397509714,7.949692627046293,hold
Astoria,2023-06-27 08:00:00,23.744997017671068,29.073692789593444,-5.328695771922376,hold
Astoria,2023-06-27 09:00:00,35.88310600439819,28.35885337054656,7.524252633851635,hold
Astoria,2023-06-27 10:00:00,21.707686556984093,31.388918967700516,-9.681232410716422,hold
Astoria,2023-06-27 11:00:00,31.32435082871353,16.291937207232728,15.032413621480803,hold
Astoria,2023-06-27 12:00:00,26.669840449759153,15.897175139997882,10.77266530976127,hold
Astoria,2023-06-27 13:00:00,20.734050493064967,16.697368519527977,4.036681973536989,hold
Astoria,2023-06-27 14:00:00,21.812217500347977,15.993198345541494,5.819019154806483,hold
Astoria,2023-06-27 15:00:00,25.912980765214805,16.852072572903793,9.060908192311011,hold
Astoria,2023-06-27 16:00:00,24.903134868481683,16.95343040097761,7.949704467504073,hold
Astoria,2023-06-27 17:00:00,28.386868471565123,17.849646986051315,10.537221485513808,hold
Astoria,2023-06-27 18:00:00,22.989582779601395,17.465554163876867,5.524028615724529,hold
Astoria,2023-06-27 19:00:00,27.96394635066537,18.719190458474014,9.244755892191357,hold
Astoria,2023-06-28 07:00:00,29.619985501799675,26.51307397509714,3.106911526702536,hold
Astoria,2023-06-28 08:00:00,30.095115622183805,29.073692789593444,1.0214228325903605,hold
Astoria,2023-06-28 09:00:00,36.69036104429006,28.35885337054656,8.331507673743499,hold
Astoria,2023-06-28 10:00:00,23.195233974329902,31.388918967700516,-8.193684993370614,hold
Astoria,2023-06-28 11:00:00,18.934822614671724,16.291937207232728,2.642885407438996,hold
Astoria,2023-06-28 12:00:00,24.50386834444153,15.897175139997882,8.606693204443646,hold
Astoria,2023-06-28 13:00:00,21.66354502172534,16.697368519527977,4.966176502197364,hold
Astoria,2023-06-28 14:00:00,20.097355293340197,15.993198345541494,4.104156947798703,hold
Astoria,2023-06-28 15:00:00,23.341727895198744,16.852072572903793,6.489655322294951,hold
Astoria,2023-06-28 16:00:00,31.42485483605659,16.95343040097761,14.47142443507898,hold
Astoria,2023-06-28 17:00:00,22.936156435911926,17.849646986051315,5.0865094498606105,hold
Astoria,2023-06-28 18:00:00,22.36133363775783,17.465554163876867,4.895779473880964,hold
Astoria,2023-06-28 19:00:00,24.989581718848076,18.719190458474014,6.270391260374062,hold
Astoria,2023-06-29 07:00:00,33.10213020674452,26.51307397509714,6.58905623164738,hold
Astoria,2023-06-29 08:00:00,33.387120988904186,29.073692789593444,4.313428199310742,hold
Astoria,2023-06-29 09:00:00,28.610090890778093,28.35885337054656,0.251237520231534,hold
Astoria,2023-06-29 10:00:00,17.47876761596365,31.388918967700516,-13.910151351736864,hold
Astoria,2023-06-29 11:00:00,21.616624968927805,16.291937207232728,5.324687761695078,hold
Astoria,2023-06-29 12:00:00,21.192428499563082,15.897175139997882,5.2952533595652,hold
Astoria,2023-06-29 13:00:00,32.16541762470741,16.697368519527977,15.468049105179432,hold
Astoria,2023-06-29 14:00:00,18.665161403051076,15.993198345541494,2.6719630575095827,hold
Astoria,2023-06-29 15:00:00,24.45980394533313,16.852072572903793,7.607731372429338,hold
Astoria,2023-06-29 16:00:00,22.764636606714728,16.95343040097761,5.811206205737118,hold
Astoria,2023-06-29 17:00:00,30.857617791608124,17.849646986051315,13.007970805556809,hold
Astoria,2023-06-29 18:00:00,22.266459501522984,17.465554163876867,4.8009053376461175,hold
Astoria,2023-06-29 19:00:00,36.90437062912987,18.719190458474014,18.18518017065586,hold
Astoria,2023-06-30 07:00:00,37.344229553203455,26.51307397509714,10.831155578106316,hold
Astoria,2023-06-30 08:00:00,18.904419781412003,29.073692789593444,-10.169273008181442,hold
Astoria,2023-06-30 09:00:00,36.89583018163133,28.35885337054656,8.536976811084774,hold
Astoria,2023-06-30 10:00:00,27.144050350619153,31.388918967700516,-4.244868617081362,hold
Astoria,2023-06-30 11:00:00,16.117562021612702,16.291937207232728,-0.17437518562002552,hold
Astoria,2023-06-30 12:00:00,18.7066649353657,15.897175139997882,2.809489795367819,hold
Astoria,2023-06-30 13:00:00,22.300532299145793,16.697368519527977,5.603163779617816,hold
Astoria,2023-06-30 14:00:00,18.455726916717175,15.993198345541494,2.4625285711756817,hold
Astoria,2023-06-30 15:00:00,17.723239743897437,16.852072572903793,0.8711671709936439,hold
Astoria,2023-06-30 16:00:00,20.806856275399824,16.95343040097761,3.8534258744222143,hold
Astoria,2023-06-30 17:00:00,20.707868780197575,17.849646986051315,2.85822179414626,hold
Astoria,2023-06-30 18:00:00,22.8203501752225,17.465554163876867,5.354796011345634,hold
Hell's Kitchen,2023-06-04 09:00:00,39.075969193383216,31.164864821432094,7.911104371951122,hold
Hell's Kitchen,2023-06-04 10:00:00,21.612599578852237,35.773978687525435,-14.161379108673199,hold
Hell's Kitchen,2023-06-04 11:00:00,10.327021611873299,18.276416788467365,-7.9493951765940665,hold
Hell's Kitchen,2023-06-04 12:00:00,10.023622840757554,12.515024455850682,-2.491401615093128,hold
Hell's Kitchen,2023-06-04 13:00:00,11.52237081482513,12.472347475609077,-0.9499766607839462,hold
Hell's Kitchen,2023-06-04 14:00:00,11.275527400668256,13.560610471770005,-2.2850830711017487,hold
Hell's Kitchen,2023-06-04 15:00:00,15.83925982414258,12.824432562602318,3.014827261540262,hold
Hell's Kitchen,2023-06-04 16:00:00,15.115791981646368,13.01647897368954,2.0993130079568267,hold
Hell's Kitchen,2023-06-04 17:00:00,13.677184595849385,13.891357068642444,-0.2141724727930594,hold
Hell's Kitchen,2023-06-04 18:00:00,13.121397197865372,12.07758540837423,1.0438117894911425,hold
Hell's Kitchen,2023-06-04 19:00:00,25.995659611904866,11.768177301622593,14.227482310282273,hold
Hell's Kitchen,2023-06-05 08:00:00,51.31689044386188,30.642071813472427,20.674818630389453,+1 barista
Hell's Kitchen,2023-06-05 09:00:00,39.20626549769881,31.164864821432094,8.041400676266715,hold
Hell's Kitchen,2023-06-05 10:00:00,28.234259562989813,35.773978687525435,-7.5397191245356225,hold
Hell's Kitchen,2023-06-05 11:00:00,11.050721760076762,18.276416788467365,-7.225695028390604,hold
Hell's Kitchen,2023-06-05 12:00:00,10.478585002182925,12.515024455850682,-2.0364394536677572,hold
Hell's Kitchen,2023-06-05 13:00:00,13.875600304451515,12.472347475609077,1.4032528288424384,hold
Hell's Kitchen,2023-06-05 14:00:00,13.867520405808238,13.560610471770005,0.30690993403823263,hold
Hell's Kitchen,2023-06-05 15:00:00,15.131632553318694,12.824432562602318,2.3071999907163754,hold
Hell's Kitchen,2023-06-05 16:00:00,13.923400664998374,13.01647897368954,0.9069216913088329,hold
Hell's Kitchen,2023-06-05 17:00:00,14.001736847788761,13.891357068642444,0.11037977914631725,hold
Hell's Kitchen,2023-06-05 18:00:00,13.864886532031296,12.07758540837423,1.7873011236570662,hold
Hell's Kitchen,2023-06-05 19:00:00,19.808195956809747,11.768177301622593,8.040018655187154,hold
Hell's Kitchen,2023-06-06 08:00:00,41.15338073146644,30.642071813472427,10.511308917994015,hold
Hell's Kitchen,2023-06-06 09:00:00,46.45251104492064,31.164864821432094,15.287646223488547,hold
Hell's Kitchen,2023-06-06 10:00:00,26.150527837107354,35.773978687525435,-9.623450850418081,hold
Hell's Kitchen,2023-06-06 11:00:00,10.267972757849646,18.276416788467365,-8.008444030617719,hold
Hell's Kitchen,2023-06-06 12:00:00,12.068897673457467,12.515024455850682,-0.4461267823932147,hold
Hell's Kitchen,2023-06-06 13:00:00,12.526388878277116,12.472347475609077,0.05404140266803914,hold
Hell's Kitchen,2023-06-06 14:00:00,12.000908048752809,13.560610471770005,-1.559702423017196,hold
Hell's Kitchen,2023-06-06 15:00:00,18.306226821886913,12.824432562602318,5.4817942592845945,hold
Hell's Kitchen,2023-06-06 16:00:00,15.422603969667861,13.01647897368954,2.4061249959783204,hold
Hell's Kitchen,2023-06-06 17:00:00,16.366800010029674,13.891357068642444,2.4754429413872305,hold
Hell's Kitchen,2023-06-06 18:00:00,14.346885830116872,12.07758540837423,2.269300421742642,hold
Hell's Kitchen,2023-06-06 19:00:00,27.13461277788865,11.768177301622593,15.366435476266055,hold
Hell's Kitchen,2023-06-07 08:00:00,50.06602373576295,30.642071813472427,19.42395192229052,+1 barista
Hell's Kitchen,2023-06-07 09:00:00,60.78388055373625,31.164864821432094,29.61901573230416,+1 barista
Hell's Kitchen,2023-06-07 10:00:00,22.111550374897444,35.773978687525435,-13.662428312627991,hold
Hell's Kitchen,2023-06-07 11:00:00,14.327002222652862,18.276416788467365,-3.9494145658145037,hold
Hell's Kitchen,2023-06-07 12:00:00,12.864783166579947,12.515024455850682,0.34975871072926523,hold
Hell's Kitchen,2023-06-07 13:00:00,13.22781284181775,12.472347475609077,0.7554653662086732,hold
Hell's Kitchen,2023-06-07 14:00:00,13.518161762371562,13.560610471770005,-0.042448709398442475,hold
Hell's Kitchen,2023-06-07 15:00:00,13.55360801228152,12.824432562602318,0.729175449679202,hold
Hell's Kitchen,2023-06-07 16:00:00,14.485787231810772,13.01647897368954,1.469308258121231,hold
Hell's Kitchen,2023-06-07 17:00:00,16.302460489703304,13.891357068642444,2.4111034210608597,hold
Hell's Kitchen,2023-06-07 18:00:00,14.084042567920966,12.07758540837423,2.006457159546736,hold
Hell's Kitchen,2023-06-07 19:00:00,25.364036328184405,11.768177301622593,13.595859026561811,hold
Hell's Kitchen,2023-06-07 20:00:00,33.553982991725334,12.451008985488274,21.102974006237062,+1 barista
Hell's Kitchen,2023-06-08 06:00:00,38.67076365829178,14.69688507070274,23.97387858758904,+1 barista
Hell's Kitchen,2023-06-08 07:00:00,43.18268007651474,31.415592080351527,11.767087996163216,+1 barista
Hell's Kitchen,2023-06-08 08:00:00,47.42141295284205,30.642071813472427,16.77934113936962,+1 barista
Hell's Kitchen,2023-06-08 09:00:00,47.14668156410741,31.164864821432094,15.981816742675317,+1 barista
Hell's Kitchen,2023-06-08 10:00:00,28.367271700236955,35.773978687525435,-7.40670698728848,hold
Hell's Kitchen,2023-06-08 11:00:00,9.573298900245819,18.276416788467365,-8.703117888221547,hold
Hell's Kitchen,2023-06-08 12:00:00,10.0521078664824,12.515024455850682,-2.462916589368282,hold
Hell's Kitchen,2023-06-08 13:00:00,10.781547739588207,12.472347475609077,-1.6907997360208693,hold
Hell's Kitchen,2023-06-08 14:00:00,11.447773787993887,13.560610471770005,-2.112836683776118,hold
Hell's Kitchen,2023-06-08 15:00:00,14.264637823141456,12.824432562602318,1.4402052605391376,hold
Hell's Kitchen,2023-06-08 16:00:00,9.126936321005566,13.01647897368954,-3.889542652683975,hold
Hell's Kitchen,2023-06-08 17:00:00,12.853989341889935,13.891357068642444,-1.0373677267525085,hold
Hell's Kitchen,2023-06-08 18:00:00,11.690591621073846,12.07758540837423,-0.3869937873003835,hold
Hell's Kitchen,2023-06-08 19:00:00,26.681841482736235,11.768177301622593,14.913664181113642,hold
Hell's Kitchen,2023-06-09 06:00:00,45.11458324313168,14.69688507070274,30.417698172428942,+1 barista
Hell's Kitchen,2023-06-09 07:00:00,43.68129132263525,31.415592080351527,12.265699242283727,+1 barista
Hell's Kitchen,2023-06-09 08:00:00,52.20948710978976,30.642071813472427,21.567415296317336,+1 barista
Hell's Kitchen,2023-06-09 09:00:00,51.53733696877841,31.164864821432094,20.37247214734632,+1 barista
Hell's Kitchen,2023-06-09 10:00:00,25.324718808930985,35.773978687525435,-10.44925987859445,hold
Hell's Kitchen,2023-06-09 11:00:00,12.81347261230372,18.276416788467365,-5.462944176163646,hold
Hell's Kitchen,2023-06-09 12:00:00,12.528181826235231,12.515024455850682,0.013157370384549338,hold
Hell's Kitchen,2023-06-09 13:00:00,15.323053929149523,12.472347475609077,2.8507064535404467,hold
Hell's Kitchen,2023-06-09 14:00:00,13.693353992249842,13.560610471770005,0.13274352047983662,hold
Hell's Kitchen,2023-06-09 15:00:00,13.1122985304431,12.824432562602318,0.2878659678407818,hold
Hell's Kitchen,2023-06-09 16:00:00,12.867859672633072,13.01647897368954,-0.1486193010564687,hold
Hell's Kitchen,2023-06-09 17:00:00,11.539187891138086,13.891357068642444,-2.352169177504358,hold
Hell's Kitchen,2023-06-09 18:00:00,12.861628944374036,12.07758540837423,0.7840435359998068,hold
Hell's Kitchen,2023-06-09 19:00:00,25.5658381460421,11.768177301622593,13.797660844419507,hold
Hell's Kitchen,2023-06-10 06:00:00,46.4502397700452,14.69688507070274,31.75335469934246,+1 barista
Hell's Kitchen,2023-06-10 07:00:00,53.08093635833437,31.415592080351527,21.665344277982843,+1 barista
Hell's Kitchen,2023-06-10 08:00:00,50.10155531701662,30.642071813472427,19.45948350354419,+1 barista
Hell's Kitchen,2023-06-10 09:00:00,39.13745463046339,31.164864821432094,7.9725898090312945,hold
Hell's Kitchen,2023-06-10 10:00:00,23.58336259817955,35.773978687525435,-12.190616089345884,hold
Hell's Kitchen,2023-06-10 11:00:00,12.00317810813116,18.276416788467365,-6.273238680336206,hold
Hell's Kitchen,2023-06-10 12:00:00,9.25425735745705,12.515024455850682,-3.2607670983936323,hold
Hell's Kitchen,2023-06-10 13:00:00,11.412450282036712,12.472347475609077,-1.0598971935723647,hold
Hell's Kitchen,2023-06-10 14:00:00,13.395024303944648,13.560610471770005,-0.1655861678253565,hold
Hell's Kitchen,2023-06-10 15:00:00,11.806872170378766,12.824432562602318,-1.0175603922235528,hold
Hell's Kitchen,2023-06-10 16:00:00,14.233499080317879,13.01647897368954,1.217020106628338,hold
Hell's Kitchen,2023-06-10 17:00:00,10.469523979732607,13.891357068642444,-3.421833088909837,hold
Hell's Kitchen,2023-06-10 18:00:00,12.529212927473353,12.07758540837423,0.451627519099123,hold
Hell's Kitchen,2023-06-10 19:00:00,22.16887917069627,11.768177301622593,10.400701869073675,hold
Hell's Kitchen,2023-06-11 06:00:00,36.86411841370942,14.69688507070274,22.16723334300668,hold
Hell's Kitchen,2023-06-11 07:00:00,47.16697027314994,31.415592080351527,15.751378192798416,+1 barista
Hell's Kitchen,2023-06-11 08:00:00,43.20253287323045,30.642071813472427,12.560461059758026,+1 barista
Hell's Kitchen,2023-06-11 09:00:00,55.43100783103075,31.164864821432094,24.266143009598654,+1 barista
Hell's Kitchen,2023-06-11 10:00:00,21.773807908190573,35.773978687525435,-14.000170779334862,hold
Hell's Kitchen,2023-06-11 11:00:00,12.225302056152573,18.276416788467365,-6.051114732314792,hold
Hell's Kitchen,2023-06-11 12:00:00,9.832244714623894,12.515024455850682,-2.6827797412267884,hold
Hell's Kitchen,2023-06-11 13:00:00,11.188972383680042,12.472347475609077,-1.2833750919290345,hold
Hell's Kitchen,2023-06-11 14:00:00,11.956280407278813,13.560610471770005,-1.604330064491192,hold
Hell's Kitchen,2023-06-11 15:00:00,13.762215237424838,12.824432562602318,0.93778267482252,hold
Hell's Kitchen,2023-06-11 16:00:00,11.967232554655373,13.01647897368954,-1.0492464190341675,hold
Hell's Kitchen,2023-06-11 17:00:00,10.543830145058164,13.891357068642444,-3.3475269235842795,hold
Hell's Kitchen,2023-06-11 18:00:00,9.89120790987165,12.07758540837423,-2.18637749850258,hold
Hell's Kitchen,2023-06-11 19:00:00,27.953036156099966,11.768177301622593,16.184858854477373,hold
Hell's Kitchen,2023-06-12 06:00:00,46.25562508433576,14.69688507070274,31.55874001363302,+1 barista
Hell's Kitchen,2023-06-12 07:00:00,47.591203931879,31.415592080351527,16.175611851527474,+1 barista
Hell's Kitchen,2023-06-12 08:00:00,43.5111769116748,30.642071813472427,12.869105098202375,+1 barista
Hell's Kitchen,2023-06-12 09:00:00,45.61352000551924,31.164864821432094,14.448655184087148,+1 barista
Hell's Kitchen,2023-06-12 10:00:00,30.02554445770089,35.773978687525435,-5.7484342298245465,hold
Hell's Kitchen,2023-06-12 11:00:00,10.706089693542193,18.276416788467365,-7.570327094925172,hold
Hell's Kitchen,2023-06-12 12:00:00,14.317860595296674,12.515024455850682,1.8028361394459917,hold
Hell's Kitchen,2023-06-12 13:00:00,13.1514749769208,12.472347475609077,0.679127501311724,hold
Hell's Kitchen,2023-06-12 14:00:00,12.374055985619632,13.560610471770005,-1.1865544861503725,hold
Hell's Kitchen,2023-06-12 15:00:00,12.84575103507453,12.824432562602318,0.021318472472211525,hold
Hell's Kitchen,2023-06-12 16:00:00,14.227441422756977,13.01647897368954,1.210962449067436,hold
Hell's Kitchen,2023-06-12 17:00:00,14.157731596036015,13.891357068642444,0.26637452739357137,hold
Hell's Kitchen,2023-06-12 18:00:00,12.260838573754011,12.07758540837423,0.18325316537978154,hold
Hell's Kitchen,2023-06-12 19:00:00,28.993305274362424,11.768177301622593,17.22512797273983,hold
Hell's Kitchen,2023-06-13 08:00:00,52.48155580956462,30.642071813472427,21.83948399609219,+1 barista
Hell's Kitchen,2023-06-13 09:00:00,60.25422527655102,31.164864821432094,29.089360455118925,+1 barista
Hell's Kitchen,2023-06-13 10:00:00,27.1538010570326,35.773978687525435,-8.620177630492837,hold
Hell's Kitchen,2023-06-13 11:00:00,12.73506203265676,18.276416788467365,-5.541354755810605,hold
Hell's Kitchen,2023-06-13 12:00:00,13.950376338589551,12.515024455850682,1.4353518827388694,hold
Hell's Kitchen,2023-06-13 13:00:00,12.790892965358315,12.472347475609077,0.3185454897492388,hold
Hell's Kitchen,2023-06-13 14:00:00,12.676666271609314,13.560610471770005,-0.8839442001606912,hold
Hell's Kitchen,2023-06-13 15:00:00,11.862215598187754,12.824432562602318,-0.962216964414564,hold
Hell's Kitchen,2023-06-13 16:00:00,14.13456739429818,13.01647897368954,1.1180884206086397,hold
Hell's Kitchen,2023-06-13 17:00:00,16.697501262534086,13.891357068642444,2.806144193891642,hold
Hell's Kitchen,2023-06-13 18:00:00,9.719162171944248,12.07758540837423,-2.3584232364299815,hold
Hell's Kitchen,2023-06-13 19:00:00,21.125728324791243,11.768177301622593,9.35755102316865,hold
Hell's Kitchen,2023-06-13 20:00:00,29.70570681376677,12.451008985488274,17.254697828278495,hold
Hell's Kitchen,2023-06-14 08:00:00,50.03496464654115,30.642071813472427,19.39289283306872,+1 barista
Hell's Kitchen,2023-06-14 09:00:00,57.05454670196683,31.164864821432094,25.889681880534734,+1 barista
Hell's Kitchen,2023-06-14 10:00:00,23.944690219451687,35.773978687525435,-11.829288468073749,hold
Hell's Kitchen,2023-06-14 11:00:00,13.710040358334174,18.276416788467365,-4.566376430133191,hold
Hell's Kitchen,2023-06-14 12:00:00,12.442858764573584,12.515024455850682,-0.07216569127709782,hold
Hell's Kitchen,2023-06-14 13:00:00,12.689292174227964,12.472347475609077,0.216944698618887,hold
Hell's Kitchen,2023-06-14 14:00:00,13.706480913797279,13.560610471770005,0.14587044202727384,hold
Hell's Kitchen,2023-06-14 15:00:00,14.16638479848234,12.824432562602318,1.3419522358800222,hold
Hell's Kitchen,2023-06-14 16:00:00,13.982685580599412,13.01647897368954,0.9662066069098714,hold
Hell's Kitchen,2023-06-14 17:00:00,14.289031349904583,13.891357068642444,0.3976742812621392,hold
Hell's Kitchen,2023-06-14 18:00:00,13.941085062487094,12.07758540837423,1.8634996541128643,hold
Hell's Kitchen,2023-06-14 19:00:00,23.569651903052332,11.768177301622593,11.801474601429739,hold
Hell's Kitchen,2023-06-14 20:00:00,26.77961527427771,12.451008985488274,14.328606288789436,+1 barista
Hell's Kitchen,2023-06-15 06:00:00,42.52211698802281,14.69688507070274,27.825231917320068,+1 barista
Hell's Kitchen,2023-06-15 07:00:00,39.85553053451495,31.415592080351527,8.439938454163421,hold
Hell's Kitchen,2023-06-15 08:00:00,51.8223039699829,30.642071813472427,21.18023215651047,hold
Hell's Kitchen,2023-06-15 09:00:00,45.05758804399544,31.164864821432094,13.892723222563344,+1 barista
Hell's Kitchen,2023-06-15 10:00:00,21.732056651569035,35.773978687525435,-14.0419220359564,hold
Hell's Kitchen,2023-06-15 11:00:00,9.831470842616339,18.276416788467365,-8.444945945851027,hold
Hell's Kitchen,2023-06-15 12:00:00,8.24208252600656,12.515024455850682,-4.272941929844121,hold
Hell's Kitchen,2023-06-15 13:00:00,12.331976225268816,12.472347475609077,-0.14037125034026054,hold
Hell's Kitchen,2023-06-15 14:00:00,11.145039061812808,13.560610471770005,-2.415571409957197,hold
Hell's Kitchen,2023-06-15 15:00:00,12.141263313210024,12.824432562602318,-0.6831692493922947,hold
Hell's Kitchen,2023-06-15 16:00:00,12.056496964515024,13.01647897368954,-0.9599820091745173,hold
Hell's Kitchen,2023-06-15 17:00:00,9.069887205349316,13.891357068642444,-4.821469863293128,hold
Hell's Kitchen,2023-06-15 18:00:00,12.421844692305395,12.07758540837423,0.3442592839311658,hold
Hell's Kitchen,2023-06-15 19:00:00,25.523580659801297,11.768177301622593,13.755403358178704,hold
Hell's Kitchen,2023-06-16 06:00:00,33.573322164877595,14.69688507070274,18.876437094174854,+1 barista
Hell's Kitchen,2023-06-16 07:00:00,40.01773889632866,31.415592080351527,8.602146815977132,hold
Hell's Kitchen,2023-06-16 08:00:00,47.061586520073675,30.642071813472427,16.419514706601248,hold
Hell's Kitchen,2023-06-16 09:00:00,44.76267706771997,31.164864821432094,13.597812246287877,+1 barista
Hell's Kitchen,2023-06-16 10:00:00,22.758063206110368,35.773978687525435,-13.015915481415067,hold
Hell's Kitchen,2023-06-16 11:00:00,15.452142002295153,18.276416788467365,-2.8242747861722126,hold
Hell's Kitchen,2023-06-16 12:00:00,10.391158210481082,12.515024455850682,-2.1238662453696,hold
Hell's Kitchen,2023-06-16 13:00:00,11.35687930998324,12.472347475609077,-1.1154681656258365,hold
Hell's Kitchen,2023-06-16 14:00:00,11.963855581837903,13.560610471770005,-1.596754889932102,hold
Hell's Kitchen,2023-06-16 15:00:00,13.014322704172761,12.824432562602318,0.1898901415704426,hold
Hell's Kitchen,2023-06-16 16:00:00,10.636031186108882,13.01647897368954,-2.3804477875806587,hold
Hell's Kitchen,2023-06-16 17:00:00,9.501483438264517,13.891357068642444,-4.389873630377927,hold
Hell's Kitchen,2023-06-16 18:00:00,10.00306738381505,12.07758540837423,-2.074518024559179,hold
Hell's Kitchen,2023-06-16 19:00:00,27.445893219384494,11.768177301622593,15.677715917761901,hold
Hell's Kitchen,2023-06-17 06:00:00,36.970247620940135,14.69688507070274,22.273362550237394,+1 barista
Hell's Kitchen,2023-06-17 07:00:00,38.23190497362551,31.415592080351527,6.8163128932739845,hold
Hell's Kitchen,2023-06-17 08:00:00,36.12838250239406,30.642071813472427,5.486310688921634,hold
Hell's Kitchen,2023-06-17 09:00:00,39.48380888443142,31.164864821432094,8.318944062999325,hold
Hell's Kitchen,2023-06-17 10:00:00,26.01753574211474,35.773978687525435,-9.756442945410694,hold
Hell's Kitchen,2023-06-17 11:00:00,12.821245318404305,18.276416788467365,-5.4551714700630605,hold
Hell's Kitchen,2023-06-17 12:00:00,13.61911090671455,12.515024455850682,1.1040864508638677,hold
Hell's Kitchen,2023-06-17 13:00:00,11.961716226347779,12.472347475609077,-0.5106312492612979,hold
Hell's Kitchen,2023-06-17 14:00:00,10.790874643143415,13.560610471770005,-2.7697358286265903,hold
Hell's Kitchen,2023-06-17 15:00:00,11.066938280035478,12.824432562602318,-1.7574942825668405,hold
Hell's Kitchen,2023-06-17 16:00:00,11.681192016059574,13.01647897368954,-1.3352869576299664,hold
Hell's Kitchen,2023-06-17 17:00:00,12.647926570136375,13.891357068642444,-1.2434304985060685,hold
Hell's Kitchen,2023-06-17 18:00:00,9.392166830318738,12.07758540837423,-2.685418578055492,hold
Hell's Kitchen,2023-06-17 19:00:00,26.870621215472656,11.768177301622593,15.102443913850063,hold
Hell's Kitchen,2023-06-18 06:00:00,47.24840412696737,14.69688507070274,32.55151905626463,+1 barista
Hell's Kitchen,2023-06-18 07:00:00,40.82292535073983,31.415592080351527,9.407333270388303,hold
Hell's Kitchen,2023-06-18 08:00:00,49.557350923570155,30.642071813472427,18.915279110097728,hold
Hell's Kitchen,2023-06-18 09:00:00,48.64791707921914,31.164864821432094,17.483052257787048,+1 barista
Hell's Kitchen,2023-06-18 10:00:00,25.53584232099426,35.773978687525435,-10.238136366531176,hold
Hell's Kitchen,2023-06-18 11:00:00,11.37047162184864,18.276416788467365,-6.905945166618725,hold
Hell's Kitchen,2023-06-18 12:00:00,9.788120426602132,12.515024455850682,-2.7269040292485496,hold
Hell's Kitchen,2023-06-18 13:00:00,11.224521514443422,12.472347475609077,-1.2478259611656544,hold
Hell's Kitchen,2023-06-18 14:00:00,11.163609125895693,13.560610471770005,-2.397001345874312,hold
Hell's Kitchen,2023-06-18 15:00:00,11.909102603588263,12.824432562602318,-0.9153299590140556,hold
Hell's Kitchen,2023-06-18 16:00:00,11.46523206232074,13.01647897368954,-1.5512469113687999,hold
Hell's Kitchen,2023-06-18 17:00:00,11.932630321715921,13.891357068642444,-1.9587267469265228,hold
Hell's Kitchen,2023-06-18 18:00:00,16.255264694247174,12.07758540837423,4.177679285872944,hold
Hell's Kitchen,2023-06-18 19:00:00,22.128848153880476,11.768177301622593,10.360670852257883,hold
Hell's Kitchen,2023-06-19 06:00:00,47.29484807857778,14.69688507070274,32.59796300787504,hold
Hell's Kitchen,2023-06-19 07:00:00,53.27175706808752,31.415592080351527,21.85616498773599,+1 barista
Hell's Kitchen,2023-06-19 08:00:00,53.11691724636124,30.642071813472427,22.474845432888813,+1 barista
Hell's Kitchen,2023-06-19 09:00:00,55.657381499647386,31.164864821432094,24.492516678215292,+1 barista
Hell's Kitchen,2023-06-19 10:00:00,27.016873948855068,35.773978687525435,-8.757104738670368,hold
Hell's Kitchen,2023-06-19 11:00:00,13.201372882216353,18.276416788467365,-5.075043906251013,hold
Hell's Kitchen,2023-06-19 12:00:00,10.508297815910039,12.515024455850682,-2.006726639940643,hold
Hell's Kitchen,2023-06-19 13:00:00,12.426549611784928,12.472347475609077,-0.04579786382414852,hold
Hell's Kitchen,2023-06-19 14:00:00,11.012769724053605,13.560610471770005,-2.5478407477164,hold
Hell's Kitchen,2023-06-19 15:00:00,11.077471505189193,12.824432562602318,-1.7469610574131256,hold
Hell's Kitchen,2023-06-19 16:00:00,16.129166225607452,13.01647897368954,3.1126872519179116,hold
Hell's Kitchen,2023-06-19 17:00:00,12.548762764035228,13.891357068642444,-1.342594304607216,hold
Hell's Kitchen,2023-06-19 18:00:00,8.237870081585193,12.07758540837423,-3.8397153267890367,hold
Hell's Kitchen,2023-06-19 19:00:00,29.006132068423465,11.768177301622593,17.237954766800872,hold
Hell's Kitchen,2023-06-20 08:00:00,52.701078043711185,30.642071813472427,22.059006230238758,+1 barista
Hell's Kitchen,2023-06-20 09:00:00,57.81899394187019,31.164864821432094,26.654129120438096,+1 barista
Hell's Kitchen,2023-06-20 10:00:00,26.761864407148675,35.773978687525435,-9.01211428037676,hold
Hell's Kitchen,2023-06-20 11:00:00,15.49802962284792,18.276416788467365,-2.7783871656194457,hold
Hell's Kitchen,2023-06-20 12:00:00,12.745805500333288,12.515024455850682,0.2307810444826064,hold
Hell's Kitchen,2023-06-20 13:00:00,12.443386840577718,12.472347475609077,-0.028960635031358706,hold
Hell's Kitchen,2023-06-20 14:00:00,13.192506982640047,13.560610471770005,-0.3681034891299575,hold
Hell's Kitchen,2023-06-20 15:00:00,14.690554883191375,12.824432562602318,1.8661223205890565,hold
Hell's Kitchen,2023-06-20 16:00:00,14.919107280759134,13.01647897368954,1.9026283070695929,hold
Hell's Kitchen,2023-06-20 17:00:00,12.040075092875632,13.891357068642444,-1.8512819757668115,hold
Hell's Kitchen,2023-06-20 18:00:00,8.811842738422786,12.07758540837423,-3.265742669951443,hold
Hell's Kitchen,2023-06-20 19:00:00,17.72431882082987,11.768177301622593,5.956141519207275,hold
Hell's Kitchen,2023-06-20 20:00:00,27.59996396075716,12.451008985488274,15.148954975268888,hold
Hell's Kitchen,2023-06-21 08:00:00,50.891277362532726,30.642071813472427,20.2492055490603,+1 barista
Hell's Kitchen,2023-06-21 09:00:00,60.25422527655102,31.164864821432094,29.089360455118925,+1 barista
Hell's Kitchen,2023-06-21 10:00:00,19.984593359601476,35.773978687525435,-15.78938532792396,hold
Hell's Kitchen,2023-06-21 11:00:00,13.516321416394424,18.276416788467365,-4.760095372072941,hold
Hell's Kitchen,2023-06-21 12:00:00,13.926493229833627,12.515024455850682,1.4114687739829446,hold
Hell's Kitchen,2023-06-21 13:00:00,13.612048693601018,12.472347475609077,1.1397012179919415,hold
Hell's Kitchen,2023-06-21 14:00:00,15.22208231083633,13.560610471770005,1.6614718390663246,hold
Hell's Kitchen,2023-06-21 15:00:00,15.117063085722279,12.824432562602318,2.2926305231199606,hold
Hell's Kitchen,2023-06-21 16:00:00,13.950202245852397,13.01647897368954,0.9337232721628563,hold
Hell's Kitchen,2023-06-21 17:00:00,13.172061630954119,13.891357068642444,-0.7192954376883254,hold
Hell's Kitchen,2023-06-21 18:00:00,12.155963567532096,12.07758540837423,0.07837815915786628,hold
Hell's Kitchen,2023-06-21 19:00:00,31.202688424630814,11.768177301622593,19.43451112300822,hold
Hell's Kitchen,2023-06-21 20:00:00,26.40182115686889,12.451008985488274,13.950812171380617,+1 barista
Hell's Kitchen,2023-06-22 06:00:00,42.45092847301733,14.69688507070274,27.754043402314586,+1 barista
Hell's Kitchen,2023-06-22 07:00:00,31.955332992611726,31.415592080351527,0.5397409122601999,hold
Hell's Kitchen,2023-06-22 08:00:00,30.206737781459058,30.642071813472427,-0.43533403201336895,hold
Hell's Kitchen,2023-06-22 09:00:00,43.62318394233722,31.164864821432094,12.458319120905127,hold
Hell's Kitchen,2023-06-22 10:00:00,23.446161111349817,35.773978687525435,-12.327817576175619,hold
Hell's Kitchen,2023-06-22 11:00:00,10.181097148801204,18.276416788467365,-8.095319639666162,hold
Hell's Kitchen,2023-06-22 12:00:00,10.051089425720656,12.515024455850682,-2.463935030130026,hold
Hell's Kitchen,2023-06-22 13:00:00,13.807776569021463,12.472347475609077,1.3354290934123867,hold
Hell's Kitchen,2023-06-22 14:00:00,13.262827114569603,13.560610471770005,-0.2977833572004016,hold
Hell's Kitchen,2023-06-22 15:00:00,13.354884049381477,12.824432562602318,0.5304514867791585,hold
Hell's Kitchen,2023-06-22 16:00:00,13.446623003334189,13.01647897368954,0.43014402964464793,hold
Hell's Kitchen,2023-06-22 17:00:00,11.993633474090233,13.891357068642444,-1.897723594552211,hold
Hell's Kitchen,2023-06-22 18:00:00,11.584054324344235,12.07758540837423,-0.49353108402999446,hold
Hell's Kitchen,2023-06-22 19:00:00,27.5866768978455,11.768177301622593,15.818499596222907,hold
Hell's Kitchen,2023-06-23 06:00:00,30.817049319419063,14.69688507070274,16.12016424871632,+1 barista
Hell's Kitchen,2023-06-23 07:00:00,39.39321233393465,31.415592080351527,7.977620253583122,hold
Hell's Kitchen,2023-06-23 08:00:00,57.738834053573584,30.642071813472427,27.096762240101157,hold
Hell's Kitchen,2023-06-23 09:00:00,50.6123567682669,31.164864821432094,19.447491946834806,+1 barista
Hell's Kitchen,2023-06-23 10:00:00,27.134220346432674,35.773978687525435,-8.639758341092762,hold
Hell's Kitchen,2023-06-23 11:00:00,11.47112244231667,18.276416788467365,-6.805294346150696,hold
Hell's Kitchen,2023-06-23 12:00:00,11.41998974439372,12.515024455850682,-1.0950347114569627,hold
Hell's Kitchen,2023-06-23 13:00:00,13.164368879178289,12.472347475609077,0.6920214035692123,hold
Hell's Kitchen,2023-06-23 14:00:00,13.994155904614132,13.560610471770005,0.4335454328441273,hold
Hell's Kitchen,2023-06-23 15:00:00,12.276039481728493,12.824432562602318,-0.5483930808738258,hold
Hell's Kitchen,2023-06-23 16:00:00,12.551748689723796,13.01647897368954,-0.46473028396574456,hold
Hell's Kitchen,2023-06-23 17:00:00,10.344171795347403,13.891357068642444,-3.5471852732950406,hold
Hell's Kitchen,2023-06-23 18:00:00,10.69058158013654,12.07758540837423,-1.38700382823769,hold
Hell's Kitchen,2023-06-23 19:00:00,24.05245131502276,11.768177301622593,12.284274013400168,hold
Hell's Kitchen,2023-06-24 06:00:00,45.76990345033228,14.69688507070274,31.073018379629538,+1 barista
Hell's Kitchen,2023-06-24 07:00:00,27.49138089638037,31.415592080351527,-3.924211183971156,hold
Hell's Kitchen,2023-06-24 08:00:00,34.102913352113916,30.642071813472427,3.460841538641489,hold
Hell's Kitchen,2023-06-24 09:00:00,39.04772298881751,31.164864821432094,7.882858167385418,hold
Hell's Kitchen,2023-06-24 10:00:00,23.137249725283947,35.773978687525435,-12.636728962241488,hold
Hell's Kitchen,2023-06-24 11:00:00,10.447521487798802,18.276416788467365,-7.828895300668563,hold
Hell's Kitchen,2023-06-24 12:00:00,10.418418517196764,12.515024455850682,-2.0966059386539175,hold
Hell's Kitchen,2023-06-24 13:00:00,13.938598730714151,12.472347475609077,1.4662512551050746,hold
Hell's Kitchen,2023-06-24 14:00:00,14.577557265106174,13.560610471770005,1.016946793336169,hold
Hell's Kitchen,2023-06-24 15:00:00,14.730130521827755,12.824432562602318,1.9056979592254368,hold
Hell's Kitchen,2023-06-24 16:00:00,14.329243258810019,13.01647897368954,1.312764285120478,hold
Hell's Kitchen,2023-06-24 17:00:00,10.811474805744652,13.891357068642444,-3.079882262897792,hold
Hell's Kitchen,2023-06-24 18:00:00,12.530815700679286,12.07758540837423,0.4532302923050562,hold
Hell's Kitchen,2023-06-24 19:00:00,24.053550771777427,11.768177301622593,12.285373470154834,hold
Hell's Kitchen,2023-06-25 06:00:00,39.635455161463156,14.69688507070274,24.938570090760415,+1 barista
Hell's Kitchen,2023-06-25 07:00:00,50.37205356582811,31.415592080351527,18.956461485476584,+1 barista
Hell's Kitchen,2023-06-25 08:00:00,45.64791289515364,30.642071813472427,15.005841081681211,+1 barista
Hell's Kitchen,2023-06-25 09:00:00,46.941585401012524,31.164864821432094,15.77672057958043,+1 barista
Hell's Kitchen,2023-06-25 10:00:00,28.242744267027916,35.773978687525435,-7.531234420497519,hold
Hell's Kitchen,2023-06-25 11:00:00,11.918214715990594,18.276416788467365,-6.358202072476772,hold
Hell's Kitchen,2023-06-25 12:00:00,11.398130374050943,12.515024455850682,-1.1168940817997388,hold
Hell's Kitchen,2023-06-25 13:00:00,13.346424898765274,12.472347475609077,0.8740774231561979,hold
Hell's Kitchen,2023-06-25 14:00:00,12.84458876646999,13.560610471770005,-0.7160217053000153,hold
Hell's Kitchen,2023-06-25 15:00:00,12.075198249565545,12.824432562602318,-0.7492343130367729,hold
Hell's Kitchen,2023-06-25 16:00:00,12.621999482567007,13.01647897368954,-0.39447949112253333,hold
Hell's Kitchen,2023-06-25 17:00:00,12.4467877909217,13.891357068642444,-1.4445692777207437,hold
Hell's Kitchen,2023-06-25 18:00:00,11.451896531544895,12.07758540837423,-0.6256888768293347,hold
Hell's Kitchen,2023-06-25 19:00:00,31.68098583999419,11.768177301622593,19.912808538371596,hold
Hell's Kitchen,2023-06-26 06:00:00,44.06827765412299,14.69688507070274,29.371392583420246,+1 barista
Hell's Kitchen,2023-06-26 07:00:00,49.201161414603824,31.415592080351527,17.785569334252298,+1 barista
Hell's Kitchen,2023-06-26 08:00:00,56.13767828936187,30.642071813472427,25.495606475889446,+1 barista
Hell's Kitchen,2023-06-26 09:00:00,34.66036318309216,31.164864821432094,3.495498361660065,hold
Hell's Kitchen,2023-06-26 10:00:00,28.12918056270288,35.773978687525435,-7.644798124822554,hold
Hell's Kitchen,2023-06-26 11:00:00,13.436591220106177,18.276416788467365,-4.839825568361189,hold
Hell's Kitchen,2023-06-26 12:00:00,11.351003702095861,12.515024455850682,-1.164020753754821,hold
Hell's Kitchen,2023-06-26 13:00:00,11.904053652113882,12.472347475609077,-0.5682938234951944,hold
Hell's Kitchen,2023-06-26 14:00:00,13.242198115244625,13.560610471770005,-0.31841235652538025,hold
Hell's Kitchen,2023-06-26 15:00:00,14.498580652121355,12.824432562602318,1.6741480895190364,hold
Hell's Kitchen,2023-06-26 16:00:00,11.606666552201133,13.01647897368954,-1.4098124214884074,hold
Hell's Kitchen,2023-06-26 17:00:00,9.958865934153318,13.891357068642444,-3.9324911344891262,hold
Hell's Kitchen,2023-06-26 18:00:00,11.268533311623342,12.07758540837423,-0.8090520967508876,hold
Hell's Kitchen,2023-06-26 19:00:00,31.8404210740421,11.768177301622593,20.072243772419508,hold
Hell's Kitchen,2023-06-27 08:00:00,49.736665797083496,30.642071813472427,19.09459398361107,+1 barista
Hell's Kitchen,2023-06-27 09:00:00,52.25339826783119,31.164864821432094,21.088533446399094,+1 barista
Hell's Kitchen,2023-06-27 10:00:00,19.357772463986063,35.773978687525435,-16.416206223539373,hold
Hell's Kitchen,2023-06-27 11:00:00,13.831176471418473,18.276416788467365,-4.445240317048892,hold
Hell's Kitchen,2023-06-27 12:00:00,11.236304497092648,12.515024455850682,-1.2787199587580336,hold
Hell's Kitchen,2023-06-27 13:00:00,13.942585386294555,12.472347475609077,1.4702379106854782,hold
Hell's Kitchen,2023-06-27 14:00:00,12.342246432930633,13.560610471770005,-1.218364038839372,hold
Hell's Kitchen,2023-06-27 15:00:00,11.811515101542685,12.824432562602318,-1.012917461059633,hold
Hell's Kitchen,2023-06-27 16:00:00,13.715619885651511,13.01647897368954,0.6991409119619707,hold
Hell's Kitchen,2023-06-27 17:00:00,10.859833845917615,13.891357068642444,-3.0315232227248288,hold
Hell's Kitchen,2023-06-27 18:00:00,10.777723346617353,12.07758540837423,-1.2998620617568761,hold
Hell's Kitchen,2023-06-27 19:00:00,20.578502263688186,11.768177301622593,8.810324962065593,hold
Hell's Kitchen,2023-06-27 20:00:00,30.765581353421197,12.451008985488274,18.314572367932925,hold
Hell's Kitchen,2023-06-28 08:00:00,40.77320643892896,30.642071813472427,10.131134625456532,hold
Hell's Kitchen,2023-06-28 09:00:00,45.99751216668373,31.164864821432094,14.832647345251633,hold
Hell's Kitchen,2023-06-28 10:00:00,24.820373136364868,35.773978687525435,-10.953605551160567,hold
Hell's Kitchen,2023-06-28 11:00:00,12.121415007297019,18.276416788467365,-6.155001781170347,hold
Hell's Kitchen,2023-06-28 12:00:00,15.163622624302858,12.515024455850682,2.6485981684521764,hold
Hell's Kitchen,2023-06-28 13:00:00,15.120877340059687,12.472347475609077,2.6485298644506106,hold
Hell's Kitchen,2023-06-28 14:00:00,13.130307559787207,13.560610471770005,-0.4303029119827979,hold
Hell's Kitchen,2023-06-28 15:00:00,16.95043186376261,12.824432562602318,4.125999301160292,hold
Hell's Kitchen,2023-06-28 16:00:00,14.829981158642077,13.01647897368954,1.8135021849525366,hold
Hell's Kitchen,2023-06-28 17:00:00,14.590121115134558,13.891357068642444,0.6987640464921139,hold
Hell's Kitchen,2023-06-28 18:00:00,13.625345532383253,12.07758540837423,1.5477601240090237,hold
Hell's Kitchen,2023-06-28 19:00:00,30.16003418011472,11.768177301622593,18.391856878492128,hold
Hell's Kitchen,2023-06-29 08:00:00,50.07487187324878,30.642071813472427,19.432800059776355,+1 barista
Hell's Kitchen,2023-06-29 09:00:00,47.78126215672411,31.164864821432094,16.616397335292017,+1 barista
Hell's Kitchen,2023-06-29 10:00:00,18.74005804617684,35.773978687525435,-17.033920641348594,hold
Hell's Kitchen,2023-06-29 11:00:00,10.96345827811239,18.276416788467365,-7.312958510354976,hold
Hell's Kitchen,2023-06-29 12:00:00,12.037491688396418,12.515024455850682,-0.47753276745426376,hold
Hell's Kitchen,2023-06-29 13:00:00,12.083381386693429,12.472347475609077,-0.3889660889156481,hold
Hell's Kitchen,2023-06-29 14:00:00,13.31644336398657,13.560610471770005,-0.24416710778343464,hold
Hell's Kitchen,2023-06-29 15:00:00,13.71132804983461,12.824432562602318,0.886895487232291,hold
Hell's Kitchen,2023-06-29 16:00:00,12.634175915366686,13.01647897368954,-0.3823030583228544,hold
Hell's Kitchen,2023-06-29 17:00:00,17.1481705987425,13.891357068642444,3.2568135301000556,hold
Hell's Kitchen,2023-06-29 18:00:00,15.319400361416825,12.07758540837423,3.2418149530425957,hold
Hell's Kitchen,2023-06-29 19:00:00,21.31222425691766,11.768177301622593,9.544046955295066,hold
Hell's Kitchen,2023-06-30 06:00:00,40.86342397926306,14.69688507070274,26.16653890856032,hold
Hell's Kitchen,2023-06-30 07:00:00,45.81904239745252,31.415592080351527,14.403450317100994,+1 barista
Hell's Kitchen,2023-06-30 08:00:00,38.17414675323762,30.642071813472427,7.532074939765195,hold
Hell's Kitchen,2023-06-30 09:00:00,47.97383090794835,31.164864821432094,16.808966086516254,hold
Hell's Kitchen,2023-06-30 10:00:00,15.531416187367151,35.773978687525435,-20.242562500158286,hold
Hell's Kitchen,2023-06-30 11:00:00,13.2226802504867,18.276416788467365,-5.053736537980665,hold
Hell's Kitchen,2023-06-30 12:00:00,14.033523996451292,12.515024455850682,1.5184995406006099,hold
Hell's Kitchen,2023-06-30 13:00:00,10.22017819693347,12.472347475609077,-2.2521692786756073,hold
Hell's Kitchen,2023-06-30 14:00:00,12.144356843863264,13.560610471770005,-1.416253627906741,hold
Hell's Kitchen,2023-06-30 15:00:00,14.044721283111803,12.824432562602318,1.220288720509485,hold
Hell's Kitchen,2023-06-30 16:00:00,12.040098046958859,13.01647897368954,-0.9763809267306822,hold
Hell's Kitchen,2023-06-30 17:00:00,13.813073941140043,13.891357068642444,-0.07828312750240052,hold
Hell's Kitchen,2023-06-30 18:00:00,11.501544997449024,12.07758540837423,-0.5760404109252057,hold
Hell's Kitchen,2023-06-30 19:00:00,21.925412312177663,11.768177301622593,10.15723501055507,hold
Lower Manhattan,2023-06-04 07:00:00,37.53922307782959,31.207541801673695,6.331681276155894,hold
Lower Manhattan,2023-06-04 08:00:00,38.053151524463324,29.777862963579928,8.275288560883396,hold
Lower Manhattan,2023-06-04 09:00:00,48.33632028224544,30.972818410344868,17.36350187190057,hold
Lower Manhattan,2023-06-04 10:00:00,15.952337967469948,32.29580479783462,-16.343466830364672,hold
Lower Manhattan,2023-06-04 11:00:00,15.7849414385139,13.795333863098834,1.9896075754150662,hold
Lower Manhattan,2023-06-04 12:00:00,17.14339470417457,14.680881203112138,2.46251350106243,hold
Lower Manhattan,2023-06-04 13:00:00,17.479277954634718,13.86468395599144,3.6145939986432776,hold
Lower Manhattan,2023-06-04 14:00:00,17.556599026384703,15.502413072763037,2.0541859536216656,hold
Lower Manhattan,2023-06-04 15:00:00,17.330052451805667,16.39862965783674,0.9314227939689275,hold
Lower Manhattan,2023-06-04 16:00:00,15.69395380514603,14.979620064803374,0.7143337403426564,hold
Lower Manhattan,2023-06-04 17:00:00,15.80341094401678,13.219194629837165,2.5842163141796153,hold
Lower Manhattan,2023-06-04 18:00:00,25.648558340464383,7.479140787341285,18.169417553123097,hold
Lower Manhattan,2023-06-05 07:00:00,44.51184832741576,31.207541801673695,13.304306525742067,+1 barista
Lower Manhattan,2023-06-05 08:00:00,46.91331415459092,29.777862963579928,17.135451191010993,+1 barista
Lower Manhattan,2023-06-05 09:00:00,40.25843138469469,30.972818410344868,9.28561297434982,hold
Lower Manhattan,2023-06-05 10:00:00,17.005696033066506,32.29580479783462,-15.290108764768114,hold
Lower Manhattan,2023-06-05 11:00:00,18.300771863927146,13.795333863098834,4.5054380008283115,hold
Lower Manhattan,2023-06-05 12:00:00,17.090875088069456,14.680881203112138,2.409993884957318,hold
Lower Manhattan,2023-06-05 13:00:00,17.267256068914058,13.86468395599144,3.402572112922618,hold
Lower Manhattan,2023-06-05 14:00:00,19.191481890380366,15.502413072763037,3.689068817617329,hold
Lower Manhattan,2023-06-05 15:00:00,18.83543672780936,16.39862965783674,2.4368070699726196,hold
Lower Manhattan,2023-06-05 16:00:00,16.985959375864912,14.979620064803374,2.006339311061538,hold
Lower Manhattan,2023-06-05 17:00:00,13.7376796285195,13.219194629837165,0.5184849986823341,hold
Lower Manhattan,2023-06-05 18:00:00,26.37406319298329,7.479140787341285,18.894922405642006,hold
Lower Manhattan,2023-06-06 07:00:00,42.21760425587343,31.207541801673695,11.010062454199737,+1 barista
Lower Manhattan,2023-06-06 08:00:00,41.31724297964003,29.777862963579928,11.5393800160601,+1 barista
Lower Manhattan,2023-06-06 09:00:00,38.11369546395831,30.972818410344868,7.1408770536134405,hold
Lower Manhattan,2023-06-06 10:00:00,16.643046276757683,32.29580479783462,-15.652758521076937,hold
Lower Manhattan,2023-06-06 11:00:00,18.794842254063113,13.795333863098834,4.999508390964278,hold
Lower Manhattan,2023-06-06 12:00:00,17.064853999137238,14.680881203112138,2.3839727960251,hold
Lower Manhattan,2023-06-06 13:00:00,17.57712289380629,13.86468395599144,3.7124389378148503,hold
Lower Manhattan,2023-06-06 14:00:00,18.663783749343388,15.502413072763037,3.1613706765803506,hold
Lower Manhattan,2023-06-06 15:00:00,17.54761762745786,16.39862965783674,1.1489879696211212,hold
Lower Manhattan,2023-06-06 16:00:00,19.645704097965115,14.979620064803374,4.6660840331617415,hold
Lower Manhattan,2023-06-06 17:00:00,14.566127332704285,13.219194629837165,1.3469327028671199,hold
Lower Manhattan,2023-06-06 18:00:00,23.524582990969815,7.479140787341285,16.045442203628532,hold
Lower Manhattan,2023-06-07 06:00:00,41.35633314460079,31.95972357843198,9.39660956616881,hold
Lower Manhattan,2023-06-07 07:00:00,41.13852753390406,31.207541801673695,9.930985732230365,hold
Lower Manhattan,2023-06-07 08:00:00,42.0381467066093,29.777862963579928,12.260283743029369,hold
Lower Manhattan,2023-06-07 09:00:00,41.31764305606725,30.972818410344868,10.34482464572238,hold
Lower Manhattan,2023-06-07 10:00:00,19.91191665219603,32.29580479783462,-12.38388814563859,hold
Lower Manhattan,2023-06-07 11:00:00,20.510359034396732,13.795333863098834,6.715025171297897,hold
Lower Manhattan,2023-06-07 12:00:00,19.006626206276454,14.680881203112138,4.325745003164316,hold
Lower Manhattan,2023-06-08 07:00:00,41.13852753390406,31.207541801673695,9.930985732230365,hold
Lower Manhattan,2023-06-08 08:00:00,45.35443895458116,29.777862963579928,15.576575991001235,hold
Lower Manhattan,2023-06-08 09:00:00,50.5109393920925,30.972818410344868,19.538120981747635,+1 barista
Lower Manhattan,2023-06-08 10:00:00,20.382261784407472,32.29580479783462,-11.913543013427148,hold
Lower Manhattan,2023-06-08 11:00:00,18.160372997846796,13.795333863098834,4.365039134747962,hold
Lower Manhattan,2023-06-08 12:00:00,21.916007983370225,14.680881203112138,7.235126780258087,hold
Lower Manhattan,2023-06-08 13:00:00,21.79284583315493,13.86468395599144,7.928161877163491,hold
Lower Manhattan,2023-06-08 14:00:00,18.89866388106755,15.502413072763037,3.3962508083045115,hold
Lower Manhattan,2023-06-08 15:00:00,23.066112330676226,16.39862965783674,6.667482672839487,hold
Lower Manhattan,2023-06-08 16:00:00,22.919409978158406,14.979620064803374,7.939789913355032,hold
Lower Manhattan,2023-06-08 17:00:00,21.13384316830716,13.219194629837165,7.914648538469994,hold
Lower Manhattan,2023-06-08 18:00:00,32.01817351819034,7.479140787341285,24.53903273084905,hold
Lower Manhattan,2023-06-08 19:00:00,21.83311149665357,9.988547225547663,11.844564271105906,+1 barista
Lower Manhattan,2023-06-08 20:00:00,25.592814868398825,4.193013308737696,21.399801559661128,+1 barista
Lower Manhattan,2023-06-09 07:00:00,41.98437835628698,31.207541801673695,10.776836554613286,hold
Lower Manhattan,2023-06-09 08:00:00,48.13806332569418,29.777862963579928,18.360200362114256,hold
Lower Manhattan,2023-06-09 09:00:00,45.995245355807796,30.972818410344868,15.022426945462929,+1 barista
Lower Manhattan,2023-06-09 10:00:00,18.13299334347327,32.29580479783462,-14.16281145436135,hold
Lower Manhattan,2023-06-09 11:00:00,19.3810206488905,13.795333863098834,5.585686785791667,hold
Lower Manhattan,2023-06-09 12:00:00,21.327711437023677,14.680881203112138,6.646830233911539,hold
Lower Manhattan,2023-06-09 13:00:00,21.12319507338132,13.86468395599144,7.258511117389881,hold
Lower Manhattan,2023-06-09 14:00:00,21.299457497078933,15.502413072763037,5.797044424315896,hold
Lower Manhattan,2023-06-09 15:00:00,17.938002270871284,16.39862965783674,1.5393726130345442,hold
Lower Manhattan,2023-06-09 16:00:00,18.62608152196493,14.979620064803374,3.646461457161557,hold
Lower Manhattan,2023-06-09 17:00:00,17.2376973046088,13.219194629837165,4.018502674771636,hold
Lower Manhattan,2023-06-09 18:00:00,32.03344131357747,7.479140787341285,24.554300526236183,hold
Lower Manhattan,2023-06-09 19:00:00,19.62883515253665,9.988547225547663,9.640287926988986,hold
Lower Manhattan,2023-06-09 20:00:00,25.35847434840235,4.193013308737696,21.165461039664653,hold
Lower Manhattan,2023-06-10 06:00:00,35.551133526563646,31.95972357843198,3.591409948131666,hold
Lower Manhattan,2023-06-10 07:00:00,50.5109393920925,31.207541801673695,19.303397590418808,hold
Lower Manhattan,2023-06-10 08:00:00,44.359561718265155,29.777862963579928,14.581698754685227,+1 barista
Lower Manhattan,2023-06-10 09:00:00,48.13806332569418,30.972818410344868,17.165244915349316,+1 barista
Lower Manhattan,2023-06-10 10:00:00,17.087773127898885,32.29580479783462,-15.208031669935735,hold
Lower Manhattan,2023-06-10 11:00:00,18.73637158901751,13.795333863098834,4.941037725918674,hold
Lower Manhattan,2023-06-10 12:00:00,19.427244012693237,14.680881203112138,4.746362809581099,hold
Lower Manhattan,2023-06-10 13:00:00,20.794069755339667,13.86468395599144,6.929385799348227,hold
Lower Manhattan,2023-06-10 14:00:00,18.205403398049068,15.502413072763037,2.702990325286031,hold
Lower Manhattan,2023-06-10 15:00:00,18.490642981594302,16.39862965783674,2.0920133237575627,hold
Lower Manhattan,2023-06-10 16:00:00,21.96006262356578,14.979620064803374,6.980442558762405,hold
Lower Manhattan,2023-06-10 17:00:00,17.444288886440923,13.219194629837165,4.225094256603757,hold
Lower Manhattan,2023-06-10 18:00:00,34.696814231686545,7.479140787341285,27.21767344434526,hold
Lower Manhattan,2023-06-11 06:00:00,38.12200088656584,31.95972357843198,6.162277308133863,hold
Lower Manhattan,2023-06-11 07:00:00,46.78781271639768,31.207541801673695,15.580270914723986,hold
Lower Manhattan,2023-06-11 08:00:00,51.229269775304836,29.777862963579928,21.451406811724908,+1 barista
Lower Manhattan,2023-06-11 09:00:00,51.229269775304836,30.972818410344868,20.25645136495997,+1 barista
Lower Manhattan,2023-06-11 10:00:00,17.912949756126462,32.29580479783462,-14.382855041708158,hold
Lower Manhattan,2023-06-11 11:00:00,14.443880450110994,13.795333863098834,0.6485465870121594,hold
Lower Manhattan,2023-06-11 12:00:00,17.927068182575603,14.680881203112138,3.246186979463465,hold
Lower Manhattan,2023-06-11 13:00:00,18.64646213297108,13.86468395599144,4.781778176979641,hold
Lower Manhattan,2023-06-11 14:00:00,17.30875521468033,15.502413072763037,1.8063421419172911,hold
Lower Manhattan,2023-06-11 15:00:00,17.511561760826222,16.39862965783674,1.1129321029894825,hold
Lower Manhattan,2023-06-11 16:00:00,17.328071262778554,14.979620064803374,2.34845119797518,hold
Lower Manhattan,2023-06-11 17:00:00,14.297691104538334,13.219194629837165,1.0784964747011685,hold
Lower Manhattan,2023-06-11 18:00:00,35.697822723682535,7.479140787341285,28.218681936341248,hold
Lower Manhattan,2023-06-12 06:00:00,44.815259850710056,31.95972357843198,12.855536272278076,+1 barista
Lower Manhattan,2023-06-12 07:00:00,48.0035484267537,31.207541801673695,16.796006625080008,+1 barista
Lower Manhattan,2023-06-12 08:00:00,53.602145841703155,29.777862963579928,23.824282878123228,+1 barista
Lower Manhattan,2023-06-12 09:00:00,48.75901677506119,30.972818410344868,17.786198364716324,+1 barista
Lower Manhattan,2023-06-12 10:00:00,15.848403521249578,32.29580479783462,-16.44740127658504,hold
Lower Manhattan,2023-06-12 11:00:00,15.889028762991748,13.795333863098834,2.0936948998929132,hold
Lower Manhattan,2023-06-12 12:00:00,15.520527622346966,14.680881203112138,0.8396464192348283,hold
Lower Manhattan,2023-06-12 13:00:00,16.160301086098205,13.86468395599144,2.2956171301067645,hold
Lower Manhattan,2023-06-12 14:00:00,19.2555743317758,15.502413072763037,3.7531612590127637,hold
Lower Manhattan,2023-06-12 15:00:00,19.093478324483783,16.39862965783674,2.6948486666470437,hold
Lower Manhattan,2023-06-12 16:00:00,18.06897531738222,14.979620064803374,3.0893552525788444,hold
Lower Manhattan,2023-06-12 17:00:00,14.261648841313239,13.219194629837165,1.0424542114760733,hold
Lower Manhattan,2023-06-12 18:00:00,33.069022793562496,7.479140787341285,25.58988200622121,hold
Lower Manhattan,2023-06-13 07:00:00,43.19830409721707,31.207541801673695,11.990762295543373,+1 barista
Lower Manhattan,2023-06-13 08:00:00,48.24594457132482,29.777862963579928,18.468081607744892,+1 barista
Lower Manhattan,2023-06-13 09:00:00,47.67993825616556,30.972818410344868,16.707119845820696,+1 barista
Lower Manhattan,2023-06-13 10:00:00,18.193462091201035,32.29580479783462,-14.102342706633586,hold
Lower Manhattan,2023-06-13 11:00:00,16.57890657816844,13.795333863098834,2.783572715069605,hold
Lower Manhattan,2023-06-13 12:00:00,15.926421482709333,14.680881203112138,1.2455402795971953,hold
Lower Manhattan,2023-06-13 13:00:00,17.439478682627353,13.86468395599144,3.574794726635913,hold
Lower Manhattan,2023-06-13 14:00:00,17.7296085722341,15.502413072763037,2.227195499471062,hold
Lower Manhattan,2023-06-13 15:00:00,19.70210615284977,16.39862965783674,3.3034764950130295,hold
Lower Manhattan,2023-06-13 16:00:00,18.794116377483423,14.979620064803374,3.814496312680049,hold
Lower Manhattan,2023-06-13 17:00:00,15.612804629072794,13.219194629837165,2.393609999235629,hold
Lower Manhattan,2023-06-13 18:00:00,32.51231634652444,7.479140787341285,25.033175559183157,hold
Lower Manhattan,2023-06-14 07:00:00,36.98705117264753,31.207541801673695,5.779509370973837,hold
Lower Manhattan,2023-06-14 08:00:00,44.0376604862216,29.777862963579928,14.25979752264167,hold
Lower Manhattan,2023-06-14 09:00:00,38.96797197970048,30.972818410344868,7.995153569355612,hold
Lower Manhattan,2023-06-14 10:00:00,20.832645543939925,32.29580479783462,-11.463159253894695,hold
Lower Manhattan,2023-06-14 11:00:00,17.8891672975476,13.795333863098834,4.093833434448767,hold
Lower Manhattan,2023-06-14 12:00:00,16.847827115859573,14.680881203112138,2.166945912747435,hold
Lower Manhattan,2023-06-14 13:00:00,17.140755199035898,13.86468395599144,3.2760712430444574,hold
Lower Manhattan,2023-06-14 14:00:00,21.11389748932197,15.502413072763037,5.611484416558934,hold
Lower Manhattan,2023-06-14 15:00:00,21.280298328749314,16.39862965783674,4.881668670912575,hold
Lower Manhattan,2023-06-14 16:00:00,21.042146673214525,14.979620064803374,6.062526608411151,hold
Lower Manhattan,2023-06-14 17:00:00,17.075099275751537,13.219194629837165,3.8559046459143715,hold
Lower Manhattan,2023-06-14 18:00:00,29.060295661931978,7.479140787341285,21.581154874590695,hold
Lower Manhattan,2023-06-15 06:00:00,40.86478375192676,31.95972357843198,8.905060173494778,hold
Lower Manhattan,2023-06-15 07:00:00,50.5109393920925,31.207541801673695,19.303397590418808,hold
Lower Manhattan,2023-06-15 08:00:00,48.818969773536224,29.777862963579928,19.041106809956297,+1 barista
Lower Manhattan,2023-06-15 09:00:00,40.99774616995738,30.972818410344868,10.024927759612513,hold
Lower Manhattan,2023-06-15 10:00:00,23.332603082082287,32.29580479783462,-8.963201715752334,hold
Lower Manhattan,2023-06-15 11:00:00,20.779290238033774,13.795333863098834,6.983956374934939,hold
Lower Manhattan,2023-06-15 12:00:00,19.384982986289494,14.680881203112138,4.7041017831773555,hold
Lower Manhattan,2023-06-15 13:00:00,21.58508807028242,13.86468395599144,7.7204041142909805,hold
Lower Manhattan,2023-06-15 14:00:00,22.52137573756656,15.502413072763037,7.018962664803524,hold
Lower Manhattan,2023-06-15 15:00:00,23.535818678261776,16.39862965783674,7.137189020425037,hold
Lower Manhattan,2023-06-15 16:00:00,20.338014533072656,14.979620064803374,5.358394468269282,hold
Lower Manhattan,2023-06-15 17:00:00,19.09725389643998,13.219194629837165,5.878059266602815,hold
Lower Manhattan,2023-06-15 18:00:00,33.083741103243696,7.479140787341285,25.60460031590241,hold
Lower Manhattan,2023-06-16 06:00:00,41.05864907920637,31.95972357843198,9.098925500774389,hold
Lower Manhattan,2023-06-16 07:00:00,40.50979719922435,31.207541801673695,9.302255397550656,hold
Lower Manhattan,2023-06-16 08:00:00,44.98478887744722,29.777862963579928,15.206925913867295,hold
Lower Manhattan,2023-06-16 09:00:00,48.02569748507279,30.972818410344868,17.052879074727922,+1 barista
Lower Manhattan,2023-06-16 10:00:00,17.009524573359762,32.29580479783462,-15.286280224474858,hold
Lower Manhattan,2023-06-16 11:00:00,20.224788780113208,13.795333863098834,6.4294549170143735,hold
Lower Manhattan,2023-06-16 12:00:00,18.602508462776495,14.680881203112138,3.9216272596643567,hold
Lower Manhattan,2023-06-16 13:00:00,18.320159317783638,13.86468395599144,4.455475361792198,hold
Lower Manhattan,2023-06-16 14:00:00,17.657750219190216,15.502413072763037,2.155337146427179,hold
Lower Manhattan,2023-06-16 15:00:00,18.88563431376947,16.39862965783674,2.4870046559327292,hold
Lower Manhattan,2023-06-16 16:00:00,19.020022285100502,14.979620064803374,4.040402220297128,hold
Lower Manhattan,2023-06-16 17:00:00,18.67009426823631,13.219194629837165,5.450899638399143,hold
Lower Manhattan,2023-06-16 18:00:00,35.11839621051322,7.479140787341285,27.63925542317193,hold
Lower Manhattan,2023-06-17 06:00:00,41.42064187780512,31.95972357843198,9.460918299373137,hold
Lower Manhattan,2023-06-17 07:00:00,48.02569748507279,31.207541801673695,16.818155683399095,hold
Lower Manhattan,2023-06-17 08:00:00,48.13806332569418,29.777862963579928,18.360200362114256,+1 barista
Lower Manhattan,2023-06-17 09:00:00,49.04058090461025,30.972818410344868,18.067762494265384,+1 barista
Lower Manhattan,2023-06-17 10:00:00,18.358892946744387,32.29580479783462,-13.936911851090233,hold
Lower Manhattan,2023-06-17 11:00:00,17.117536709706258,13.795333863098834,3.322202846607423,hold
Lower Manhattan,2023-06-17 12:00:00,17.31945570337606,14.680881203112138,2.638574500263923,hold
Lower Manhattan,2023-06-17 13:00:00,18.405809521570134,13.86468395599144,4.541125565578694,hold
Lower Manhattan,2023-06-17 14:00:00,18.535460927161047,15.502413072763037,3.03304785439801,hold
Lower Manhattan,2023-06-17 15:00:00,19.19306003727524,16.39862965783674,2.794430379438502,hold
Lower Manhattan,2023-06-17 16:00:00,17.644945879382902,14.979620064803374,2.6653258145795284,hold
Lower Manhattan,2023-06-17 17:00:00,18.160198670011034,13.219194629837165,4.941004040173869,hold
Lower Manhattan,2023-06-17 18:00:00,34.06493374732695,7.479140787341285,26.58579295998566,hold
Lower Manhattan,2023-06-18 06:00:00,44.815259850710056,31.95972357843198,12.855536272278076,+1 barista
Lower Manhattan,2023-06-18 07:00:00,48.44474832171768,31.207541801673695,17.237206520043987,+1 barista
Lower Manhattan,2023-06-18 08:00:00,51.229269775304836,29.777862963579928,21.451406811724908,+1 barista
Lower Manhattan,2023-06-18 09:00:00,48.33632028224544,30.972818410344868,17.36350187190057,+1 barista
Lower Manhattan,2023-06-18 10:00:00,15.531011498947315,32.29580479783462,-16.764793298887305,hold
Lower Manhattan,2023-06-18 11:00:00,17.11986373650629,13.795333863098834,3.324529873407455,hold
Lower Manhattan,2023-06-18 12:00:00,16.312642505111725,14.680881203112138,1.6317613019995871,hold
Lower Manhattan,2023-06-18 13:00:00,17.088994160839516,13.86468395599144,3.2243102048480754,hold
Lower Manhattan,2023-06-18 14:00:00,18.961700592114756,15.502413072763037,3.4592875193517187,hold
Lower Manhattan,2023-06-18 15:00:00,18.52867838690833,16.39862965783674,2.1300487290715893,hold
Lower Manhattan,2023-06-18 16:00:00,17.690450515951042,14.979620064803374,2.710830451147668,hold
Lower Manhattan,2023-06-18 17:00:00,15.064394713017592,13.219194629837165,1.8452000831804263,hold
Lower Manhattan,2023-06-18 18:00:00,34.43289619642429,7.479140787341285,26.953755409083,hold
Lower Manhattan,2023-06-19 06:00:00,42.37570014275325,31.95972357843198,10.415976564321273,hold
Lower Manhattan,2023-06-19 07:00:00,51.229269775304836,31.207541801673695,20.02172797363114,hold
Lower Manhattan,2023-06-19 08:00:00,51.11690393468344,29.777862963579928,21.339040971103515,+1 barista
Lower Manhattan,2023-06-19 09:00:00,43.145155665309105,30.972818410344868,12.172337254964237,+1 barista
Lower Manhattan,2023-06-19 10:00:00,17.107172360852136,32.29580479783462,-15.188632436982484,hold
Lower Manhattan,2023-06-19 11:00:00,17.25515704344693,13.795333863098834,3.459823180348094,hold
Lower Manhattan,2023-06-19 12:00:00,17.473985371121053,14.680881203112138,2.793104168008915,hold
Lower Manhattan,2023-06-19 13:00:00,17.631560321306225,13.86468395599144,3.7668763653147845,hold
Lower Manhattan,2023-06-19 14:00:00,17.777915433685017,15.502413072763037,2.2755023609219798,hold
Lower Manhattan,2023-06-19 15:00:00,15.685774017860279,16.39862965783674,-0.7128556399764605,hold
Lower Manhattan,2023-06-19 16:00:00,17.569485098949404,14.979620064803374,2.5898650341460296,hold
Lower Manhattan,2023-06-19 17:00:00,16.053266510642864,13.219194629837165,2.8340718808056984,hold
Lower Manhattan,2023-06-19 18:00:00,35.10209394608919,7.479140787341285,27.622953158747904,hold
Lower Manhattan,2023-06-20 07:00:00,43.65257867824311,31.207541801673695,12.445036876569414,+1 barista
Lower Manhattan,2023-06-20 08:00:00,53.602145841703155,29.777862963579928,23.824282878123228,+1 barista
Lower Manhattan,2023-06-20 09:00:00,51.11690393468344,30.972818410344868,20.144085524338575,+1 barista
Lower Manhattan,2023-06-20 10:00:00,16.290882611695167,32.29580479783462,-16.004922186139453,hold
Lower Manhattan,2023-06-20 11:00:00,15.420046511500876,13.795333863098834,1.624712648402042,hold
Lower Manhattan,2023-06-20 12:00:00,16.8494610114822,14.680881203112138,2.1685798083700636,hold
Lower Manhattan,2023-06-20 13:00:00,17.406956629670972,13.86468395599144,3.5422726736795322,hold
Lower Manhattan,2023-06-20 14:00:00,16.987690887795107,15.502413072763037,1.4852778150320702,hold
Lower Manhattan,2023-06-20 15:00:00,17.20005692813737,16.39862965783674,0.801427270300632,hold
Lower Manhattan,2023-06-20 16:00:00,17.27674494027218,14.979620064803374,2.297124875468807,hold
Lower Manhattan,2023-06-20 17:00:00,16.71568717806599,13.219194629837165,3.496492548228826,hold
Lower Manhattan,2023-06-20 18:00:00,33.70057361831232,7.479140787341285,26.221432830971033,hold
Lower Manhattan,2023-06-21 07:00:00,40.86478375192676,31.207541801673695,9.657241950253063,hold
Lower Manhattan,2023-06-21 08:00:00,49.65166974291985,29.777862963579928,19.873806779339922,hold
Lower Manhattan,2023-06-21 09:00:00,50.5109393920925,30.972818410344868,19.538120981747635,+1 barista
Lower Manhattan,2023-06-21 10:00:00,19.54556436317919,32.29580479783462,-12.750240434655431,hold
Lower Manhattan,2023-06-21 11:00:00,20.27828020772212,13.795333863098834,6.482946344623285,hold
Lower Manhattan,2023-06-21 12:00:00,20.99926852839823,14.680881203112138,6.318387325286091,hold
Lower Manhattan,2023-06-21 13:00:00,18.062207042827136,13.86468395599144,4.197523086835696,hold
Lower Manhattan,2023-06-21 14:00:00,19.32821987034641,15.502413072763037,3.825806797583372,hold
Lower Manhattan,2023-06-21 15:00:00,18.794470235040773,16.39862965783674,2.3958405772040337,hold
Lower Manhattan,2023-06-21 16:00:00,17.755019786766457,14.979620064803374,2.7753997219630833,hold
Lower Manhattan,2023-06-21 17:00:00,15.601413377841556,13.219194629837165,2.382218748004391,hold
Lower Manhattan,2023-06-21 18:00:00,30.106568134566018,7.479140787341285,22.62742734722473,hold
Lower Manhattan,2023-06-22 06:00:00,40.64402144788658,31.95972357843198,8.6842978694546,hold
Lower Manhattan,2023-06-22 07:00:00,43.926620467624325,31.207541801673695,12.71907866595063,hold
Lower Manhattan,2023-06-22 08:00:00,50.5109393920925,29.777862963579928,20.733076428512575,+1 barista
Lower Manhattan,2023-06-22 09:00:00,48.13806332569418,30.972818410344868,17.165244915349316,+1 barista
Lower Manhattan,2023-06-22 10:00:00,17.5960009198536,32.29580479783462,-14.699803877981019,hold
Lower Manhattan,2023-06-22 11:00:00,18.402025981556445,13.795333863098834,4.606692118457611,hold
Lower Manhattan,2023-06-22 12:00:00,19.898076740887053,14.680881203112138,5.217195537774915,hold
Lower Manhattan,2023-06-22 13:00:00,19.512068437686985,13.86468395599144,5.6473844816955445,hold
Lower Manhattan,2023-06-22 14:00:00,20.38805837719919,15.502413072763037,4.885645304436153,hold
Lower Manhattan,2023-06-22 15:00:00,20.505592186275965,16.39862965783674,4.106962528439226,hold
Lower Manhattan,2023-06-22 16:00:00,23.792974181913962,14.979620064803374,8.813354117110588,hold
Lower Manhattan,2023-06-22 17:00:00,20.128543855707573,13.219194629837165,6.9093492258704075,hold
Lower Manhattan,2023-06-22 18:00:00,35.56925091341778,7.479140787341285,28.090110126076496,hold
Lower Manhattan,2023-06-23 06:00:00,40.86478375192676,31.95972357843198,8.905060173494778,hold
Lower Manhattan,2023-06-23 07:00:00,44.91234197714305,31.207541801673695,13.704800175469355,hold
Lower Manhattan,2023-06-23 08:00:00,40.253864602086736,29.777862963579928,10.476001638506808,hold
Lower Manhattan,2023-06-23 09:00:00,46.200289776964084,30.972818410344868,15.227471366619216,hold
Lower Manhattan,2023-06-23 10:00:00,18.09279652161364,32.29580479783462,-14.20300827622098,hold
Lower Manhattan,2023-06-23 11:00:00,20.177744199849492,13.795333863098834,6.382410336750658,hold
Lower Manhattan,2023-06-23 12:00:00,20.524244330292365,14.680881203112138,5.843363127180227,hold
Lower Manhattan,2023-06-23 13:00:00,18.813082674134534,13.86468395599144,4.948398718143094,hold
Lower Manhattan,2023-06-23 14:00:00,17.987106753758756,15.502413072763037,2.4846936809957185,hold
Lower Manhattan,2023-06-23 15:00:00,18.78340277117765,16.39862965783674,2.384773113340909,hold
Lower Manhattan,2023-06-23 16:00:00,17.36354431215738,14.979620064803374,2.383924247354006,hold
Lower Manhattan,2023-06-23 17:00:00,17.675899772035933,13.219194629837165,4.456705142198768,hold
Lower Manhattan,2023-06-23 18:00:00,37.13495798345971,7.479140787341285,29.65581719611842,hold
Lower Manhattan,2023-06-24 06:00:00,40.950507060538015,31.95972357843198,8.990783482106036,hold
Lower Manhattan,2023-06-24 07:00:00,45.05078427210417,31.207541801673695,13.843242470430472,hold
Lower Manhattan,2023-06-24 08:00:00,42.33076684194981,29.777862963579928,12.552903878369882,+1 barista
Lower Manhattan,2023-06-24 09:00:00,50.5109393920925,30.972818410344868,19.538120981747635,+1 barista
Lower Manhattan,2023-06-24 10:00:00,19.98691049546074,32.29580479783462,-12.30889430237388,hold
Lower Manhattan,2023-06-24 11:00:00,17.57379800180595,13.795333863098834,3.7784641387071165,hold
Lower Manhattan,2023-06-24 12:00:00,20.84672911684212,14.680881203112138,6.165847913729982,hold
Lower Manhattan,2023-06-24 13:00:00,17.751944591680587,13.86468395599144,3.887260635689147,hold
Lower Manhattan,2023-06-24 14:00:00,21.24112572403326,15.502413072763037,5.738712651270223,hold
Lower Manhattan,2023-06-24 15:00:00,18.354616153699936,16.39862965783674,1.955986495863197,hold
Lower Manhattan,2023-06-24 16:00:00,17.887692665274137,14.979620064803374,2.9080726004707635,hold
Lower Manhattan,2023-06-24 17:00:00,18.727536292949967,13.219194629837165,5.508341663112802,hold
Lower Manhattan,2023-06-24 18:00:00,33.69360841256742,7.479140787341285,26.214467625226135,hold
Lower Manhattan,2023-06-25 06:00:00,37.77439522156698,31.95972357843198,5.8146716431349965,hold
Lower Manhattan,2023-06-25 07:00:00,47.01782691723497,31.207541801673695,15.810285115561275,hold
Lower Manhattan,2023-06-25 08:00:00,43.34507105169738,29.777862963579928,13.567208088117454,+1 barista
Lower Manhattan,2023-06-25 09:00:00,51.229269775304836,30.972818410344868,20.25645136495997,+1 barista
Lower Manhattan,2023-06-25 10:00:00,15.566934859416968,32.29580479783462,-16.728869938417652,hold
Lower Manhattan,2023-06-25 11:00:00,16.749111281890766,13.795333863098834,2.9537774187919315,hold
Lower Manhattan,2023-06-25 12:00:00,17.068409067859452,14.680881203112138,2.387527864747314,hold
Lower Manhattan,2023-06-25 13:00:00,17.91166210329429,13.86468395599144,4.04697814730285,hold
Lower Manhattan,2023-06-25 14:00:00,16.855043369032455,15.502413072763037,1.3526302962694174,hold
Lower Manhattan,2023-06-25 15:00:00,18.14502222340176,16.39862965783674,1.7463925655650208,hold
Lower Manhattan,2023-06-25 16:00:00,18.311057356600514,14.979620064803374,3.3314372917971404,hold
Lower Manhattan,2023-06-25 17:00:00,14.081874854676204,13.219194629837165,0.8626802248390391,hold
Lower Manhattan,2023-06-25 18:00:00,37.874245767316566,7.479140787341285,30.39510497997528,hold
Lower Manhattan,2023-06-26 06:00:00,44.815259850710056,31.95972357843198,12.855536272278076,+1 barista
Lower Manhattan,2023-06-26 07:00:00,48.44474832171768,31.207541801673695,17.237206520043987,+1 barista
Lower Manhattan,2023-06-26 08:00:00,43.42147632275929,29.777862963579928,13.643613359179362,+1 barista
Lower Manhattan,2023-06-26 09:00:00,53.602145841703155,30.972818410344868,22.629327431358288,+1 barista
Lower Manhattan,2023-06-26 10:00:00,16.684165015877507,32.29580479783462,-15.611639781957113,hold
Lower Manhattan,2023-06-26 11:00:00,15.812849543155941,13.795333863098834,2.017515680057107,hold
Lower Manhattan,2023-06-26 12:00:00,18.265996007213452,14.680881203112138,3.5851148041013143,hold
Lower Manhattan,2023-06-26 13:00:00,17.820986310476147,13.86468395599144,3.9563023544847074,hold
Lower Manhattan,2023-06-26 14:00:00,17.745303721801243,15.502413072763037,2.2428906490382055,hold
Lower Manhattan,2023-06-26 15:00:00,17.712880970613643,16.39862965783674,1.3142513127769035,hold
Lower Manhattan,2023-06-26 16:00:00,18.712671478000924,14.979620064803374,3.7330514131975505,hold
Lower Manhattan,2023-06-26 17:00:00,14.788838574853983,13.219194629837165,1.5696439450168178,hold
Lower Manhattan,2023-06-26 18:00:00,33.670190089915835,7.479140787341285,26.191049302574548,hold
Lower Manhattan,2023-06-27 07:00:00,43.562053454277034,31.207541801673695,12.354511652603339,+1 barista
Lower Manhattan,2023-06-27 08:00:00,43.34507105169738,29.777862963579928,13.567208088117454,+1 barista
Lower Manhattan,2023-06-27 09:00:00,53.602145841703155,30.972818410344868,22.629327431358288,+1 barista
Lower Manhattan,2023-06-27 10:00:00,16.45936751199207,32.29580479783462,-15.83643728584255,hold
Lower Manhattan,2023-06-27 11:00:00,16.642312160988904,13.795333863098834,2.84697829789007,hold
Lower Manhattan,2023-06-27 12:00:00,18.485757061054265,14.680881203112138,3.804875857942127,hold
Lower Manhattan,2023-06-27 13:00:00,18.604699918262266,13.86468395599144,4.740015962270826,hold
Lower Manhattan,2023-06-27 14:00:00,18.11320218753317,15.502413072763037,2.6107891147701316,hold
Lower Manhattan,2023-06-27 15:00:00,20.00536844203469,16.39862965783674,3.606738784197951,hold
Lower Manhattan,2023-06-27 16:00:00,17.483094663928174,14.979620064803374,2.5034745991248,hold
Lower Manhattan,2023-06-27 17:00:00,15.143920874413732,13.219194629837165,1.9247262445765667,hold
Lower Manhattan,2023-06-27 18:00:00,33.858176127797314,7.479140787341285,26.379035340456028,hold
Lower Manhattan,2023-06-28 07:00:00,34.83873123484809,31.207541801673695,3.631189433174395,hold
Lower Manhattan,2023-06-28 08:00:00,35.371382247863544,29.777862963579928,5.593519284283616,hold
Lower Manhattan,2023-06-28 09:00:00,44.98478887744722,30.972818410344868,14.011970467102355,hold
Lower Manhattan,2023-06-28 10:00:00,20.69233413454241,32.29580479783462,-11.60347066329221,hold
Lower Manhattan,2023-06-28 11:00:00,18.892828095256764,13.795333863098834,5.0974942321579295,hold
Lower Manhattan,2023-06-28 12:00:00,18.641919823220842,14.680881203112138,3.9610386201087042,hold
Lower Manhattan,2023-06-28 13:00:00,22.864427882943037,13.86468395599144,8.999743926951597,hold
Lower Manhattan,2023-06-28 14:00:00,22.01538993710891,15.502413072763037,6.512976864345873,hold
Lower Manhattan,2023-06-28 15:00:00,22.664602392056516,16.39862965783674,6.265972734219776,hold
Lower Manhattan,2023-06-28 16:00:00,18.67626677112624,14.979620064803374,3.6966467063228663,hold
Lower Manhattan,2023-06-28 17:00:00,17.969338558808445,13.219194629837165,4.75014392897128,hold
Lower Manhattan,2023-06-28 18:00:00,26.80052213358988,7.479140787341285,19.321381346248593,hold
Lower Manhattan,2023-06-29 07:00:00,37.443124987123205,31.207541801673695,6.23558318544951,hold
Lower Manhattan,2023-06-29 08:00:00,34.769806824397406,29.777862963579928,4.991943860817479,hold
Lower Manhattan,2023-06-29 09:00:00,38.03916616818409,30.972818410344868,7.066347757839221,hold
Lower Manhattan,2023-06-29 10:00:00,22.353772627717582,32.29580479783462,-9.942032170117038,hold
Lower Manhattan,2023-06-29 11:00:00,19.295241801365894,13.795333863098834,5.499907938267059,hold
Lower Manhattan,2023-06-29 12:00:00,22.44763586971852,14.680881203112138,7.766754666606383,hold
Lower Manhattan,2023-06-29 13:00:00,20.657348009052466,13.86468395599144,6.792664053061026,hold
Lower Manhattan,2023-06-29 14:00:00,19.949492163619816,15.502413072763037,4.4470790908567785,hold
Lower Manhattan,2023-06-29 15:00:00,23.06165207556879,16.39862965783674,6.663022417732051,hold
Lower Manhattan,2023-06-29 16:00:00,22.103547572425427,14.979620064803374,7.123927507622053,hold
Lower Manhattan,2023-06-29 17:00:00,21.20700702690515,13.219194629837165,7.987812397067984,hold
Lower Manhattan,2023-06-29 18:00:00,25.322427995248333,7.479140787341285,17.843287207907046,hold
Lower Manhattan,2023-06-30 06:00:00,40.561372228632464,31.95972357843198,8.601648650200485,hold
Lower Manhattan,2023-06-30 07:00:00,40.75639859963692,31.207541801673695,9.548856797963222,hold
Lower Manhattan,2023-06-30 08:00:00,39.48111487015737,29.777862963579928,9.703251906577442,hold
Lower Manhattan,2023-06-30 09:00:00,39.19045048994179,30.972818410344868,8.217632079596921,hold
Lower Manhattan,2023-06-30 10:00:00,19.696006992349535,32.29580479783462,-12.599797805485085,hold
Lower Manhattan,2023-06-30 11:00:00,17.690551662744543,13.795333863098834,3.8952177996457085,hold
Lower Manhattan,2023-06-30 12:00:00,20.94951314389424,14.680881203112138,6.268631940782102,hold
Lower Manhattan,2023-06-30 13:00:00,22.098948165126494,13.86468395599144,8.234264209135054,hold
Lower Manhattan,2023-06-30 14:00:00,20.97414477953202,15.502413072763037,5.471731706768981,hold
Lower Manhattan,2023-06-30 15:00:00,21.806562830013277,16.39862965783674,5.407933172176538,hold
Lower Manhattan,2023-06-30 16:00:00,18.61785071732947,14.979620064803374,3.6382306525260972,hold
Lower Manhattan,2023-06-30 17:00:00,15.736237259474537,13.219194629837165,2.5170426296373716,hold
Lower Manhattan,2023-06-30 18:00:00,26.973347011575502,7.479140787341285,19.49420622423422,hold
Lower Manhattan,2023-06-30 19:00:00,19.93131254832465,9.988547225547663,9.942765322776989,hold
